Insert into DBCORPORATIVO.TB_PESSOA (ID_PESSOA,TP_PESSOA,DT_CADASTRO,DT_ATUALIZACAO,ST_VALIDADO,CO_BANCO,CO_AGENCIA,NU_CONTA_CORRENTE,CO_CIDADE,DS_QUALIFICACAO_ENDERECO,DS_ENDERECO,NO_BAIRRO,NU_CEP,DS_EMAIL,CO_UF,CO_PAIS,NU_NUVS,TP_ISENCAO_TAXA,TP_ORIGEM_CARGA,NO_CIDADE_ESTRANGEIRA,DS_AUDITORIA,NU_ENDERECO,TP_LOGRADOURO,DS_COMPLEMENTO_ENDERECO,DS_LOGRADOURO) values ('73BA3A5D3DB744BB99BEB27E8428C335','F','2004-10-08','2015-08-06','S',null,null,null,5747,'comercial','SIA TRECHO 5','SIA','72120000','teste@anvisa.gov.br','DF',1,null,'S','D','Taguatinga/DF',null,null,null,null,null);
Insert into DBCORPORATIVO.TB_PESSOA (ID_PESSOA,TP_PESSOA,DT_CADASTRO,DT_ATUALIZACAO,ST_VALIDADO,CO_BANCO,CO_AGENCIA,NU_CONTA_CORRENTE,CO_CIDADE,DS_QUALIFICACAO_ENDERECO,DS_ENDERECO,NO_BAIRRO,NU_CEP,DS_EMAIL,CO_UF,CO_PAIS,NU_NUVS,TP_ISENCAO_TAXA,TP_ORIGEM_CARGA,NO_CIDADE_ESTRANGEIRA,DS_AUDITORIA,NU_ENDERECO,TP_LOGRADOURO,DS_COMPLEMENTO_ENDERECO,DS_LOGRADOURO) values ('B83C15C1562F3890E0330A67021B3890','J','2003-03-06','2008-06-30','S','237','0191-0','011043',5204,null,'RUA SAO JOSE, nº374','CENTRO','17360000','escritorio.america@uol.com.br','SP',1,null,'S','R',null,null,null,null,null,null);
Insert into DBCORPORATIVO.TB_PESSOA (ID_PESSOA,TP_PESSOA,DT_CADASTRO,DT_ATUALIZACAO,ST_VALIDADO,CO_BANCO,CO_AGENCIA,NU_CONTA_CORRENTE,CO_CIDADE,DS_QUALIFICACAO_ENDERECO,DS_ENDERECO,NO_BAIRRO,NU_CEP,DS_EMAIL,CO_UF,CO_PAIS,NU_NUVS,TP_ISENCAO_TAXA,TP_ORIGEM_CARGA,NO_CIDADE_ESTRANGEIRA,DS_AUDITORIA,NU_ENDERECO,TP_LOGRADOURO,DS_COMPLEMENTO_ENDERECO,DS_LOGRADOURO) values ('B83C15C156333890E0330A67021B3890','J','2003-03-06','2005-07-25','S','104','0288','203284',539,'matriz','AVENIDA 21 - n. 750','CENTRO','14780310','drogadadaborges@ig.com.br','SP',1,null,'S','R',null,null,null,null,null,null);
Insert into DBCORPORATIVO.TB_PESSOA (ID_PESSOA,TP_PESSOA,DT_CADASTRO,DT_ATUALIZACAO,ST_VALIDADO,CO_BANCO,CO_AGENCIA,NU_CONTA_CORRENTE,CO_CIDADE,DS_QUALIFICACAO_ENDERECO,DS_ENDERECO,NO_BAIRRO,NU_CEP,DS_EMAIL,CO_UF,CO_PAIS,NU_NUVS,TP_ISENCAO_TAXA,TP_ORIGEM_CARGA,NO_CIDADE_ESTRANGEIRA,DS_AUDITORIA,NU_ENDERECO,TP_LOGRADOURO,DS_COMPLEMENTO_ENDERECO,DS_LOGRADOURO) values ('D9BF72BF0BCD4A448EE6EE488B531A72','F','2009-08-12','2015-08-20','S',null,null,null,5296,'farmaceutica','rua maria das dores conceição n 40','sao jorge I','38410230','amqueal@gmail.com','MG',1,null,'S','D','iturama - mg',null,null,null,null,null);
Insert into DBCORPORATIVO.TB_PESSOA (ID_PESSOA,TP_PESSOA,DT_CADASTRO,DT_ATUALIZACAO,ST_VALIDADO,CO_BANCO,CO_AGENCIA,NU_CONTA_CORRENTE,CO_CIDADE,DS_QUALIFICACAO_ENDERECO,DS_ENDERECO,NO_BAIRRO,NU_CEP,DS_EMAIL,CO_UF,CO_PAIS,NU_NUVS,TP_ISENCAO_TAXA,TP_ORIGEM_CARGA,NO_CIDADE_ESTRANGEIRA,DS_AUDITORIA,NU_ENDERECO,TP_LOGRADOURO,DS_COMPLEMENTO_ENDERECO,DS_LOGRADOURO) values ('E6AF4F107F00000146CF3257E60479EE','F','2009-08-04',null,'N',null,null,null,1417,'comercial','rod raposo tavares km 26,9','moinho velho','06707000','keila.oota@astrazeneca.com','SP',1,null,'S','D',null,null,null,null,null,null);
Insert into DBCORPORATIVO.TB_PESSOA (ID_PESSOA,TP_PESSOA,DT_CADASTRO,DT_ATUALIZACAO,ST_VALIDADO,CO_BANCO,CO_AGENCIA,NU_CONTA_CORRENTE,CO_CIDADE,DS_QUALIFICACAO_ENDERECO,DS_ENDERECO,NO_BAIRRO,NU_CEP,DS_EMAIL,CO_UF,CO_PAIS,NU_NUVS,TP_ISENCAO_TAXA,TP_ORIGEM_CARGA,NO_CIDADE_ESTRANGEIRA,DS_AUDITORIA,NU_ENDERECO,TP_LOGRADOURO,DS_COMPLEMENTO_ENDERECO,DS_LOGRADOURO) values ('00E628C78DB9EA72E050670A90021287','J','2014-08-18','2014-10-28','S',null,null,null,475,null,'Av EDELINA MENEGHEL RANDO','CENTRO','86.360-000','e.furtado@ig.com.br','PR',1,null,'S',null,null,null,null,null,null,null);
Insert into DBCORPORATIVO.TB_PESSOA (ID_PESSOA,TP_PESSOA,DT_CADASTRO,DT_ATUALIZACAO,ST_VALIDADO,CO_BANCO,CO_AGENCIA,NU_CONTA_CORRENTE,CO_CIDADE,DS_QUALIFICACAO_ENDERECO,DS_ENDERECO,NO_BAIRRO,NU_CEP,DS_EMAIL,CO_UF,CO_PAIS,NU_NUVS,TP_ISENCAO_TAXA,TP_ORIGEM_CARGA,NO_CIDADE_ESTRANGEIRA,DS_AUDITORIA,NU_ENDERECO,TP_LOGRADOURO,DS_COMPLEMENTO_ENDERECO,DS_LOGRADOURO) values ('11A1DABE42744ECFBE602C75BA0ECE0B','J','2004-08-18','2015-07-29','S','001','42013','1705008',3233,null,'R.Marquês do Paraná nº 282','CENTRO','24003021','ventura@vm.uff.br','RJ',1,null,'S','R',null,null,null,null,null,null);
Insert into DBCORPORATIVO.TB_PESSOA (ID_PESSOA,TP_PESSOA,DT_CADASTRO,DT_ATUALIZACAO,ST_VALIDADO,CO_BANCO,CO_AGENCIA,NU_CONTA_CORRENTE,CO_CIDADE,DS_QUALIFICACAO_ENDERECO,DS_ENDERECO,NO_BAIRRO,NU_CEP,DS_EMAIL,CO_UF,CO_PAIS,NU_NUVS,TP_ISENCAO_TAXA,TP_ORIGEM_CARGA,NO_CIDADE_ESTRANGEIRA,DS_AUDITORIA,NU_ENDERECO,TP_LOGRADOURO,DS_COMPLEMENTO_ENDERECO,DS_LOGRADOURO) values ('1C05F8AED3774B71B3F25194B029F04B','J','2003-04-24','2003-04-24','N','399','0020','03195-58',2854,'FARMÁCIA COM. DE MEDICAMENTOS E PERFUMARIA','RUA JOÃO BARBOSA MENDES, SALA 18','CENTRO','83800000','schueda@avalon.sul.com.br','PR',1,null,'S','R',null,null,null,null,null,null);
Insert into DBCORPORATIVO.TB_PESSOA (ID_PESSOA,TP_PESSOA,DT_CADASTRO,DT_ATUALIZACAO,ST_VALIDADO,CO_BANCO,CO_AGENCIA,NU_CONTA_CORRENTE,CO_CIDADE,DS_QUALIFICACAO_ENDERECO,DS_ENDERECO,NO_BAIRRO,NU_CEP,DS_EMAIL,CO_UF,CO_PAIS,NU_NUVS,TP_ISENCAO_TAXA,TP_ORIGEM_CARGA,NO_CIDADE_ESTRANGEIRA,DS_AUDITORIA,NU_ENDERECO,TP_LOGRADOURO,DS_COMPLEMENTO_ENDERECO,DS_LOGRADOURO) values ('1C0D2394CF8C40EF88A3AB5E143C44B8','J','2005-05-25','2013-04-03','S','237','1458','14511-4',3990,null,'AVENIDA PORTO ALEGRE 611','centro','78850000','dnacionalpva@gmail.com','MT',1,null,'S','R',null,null,null,null,null,null);
Insert into DBCORPORATIVO.TB_PESSOA (ID_PESSOA,TP_PESSOA,DT_CADASTRO,DT_ATUALIZACAO,ST_VALIDADO,CO_BANCO,CO_AGENCIA,NU_CONTA_CORRENTE,CO_CIDADE,DS_QUALIFICACAO_ENDERECO,DS_ENDERECO,NO_BAIRRO,NU_CEP,DS_EMAIL,CO_UF,CO_PAIS,NU_NUVS,TP_ISENCAO_TAXA,TP_ORIGEM_CARGA,NO_CIDADE_ESTRANGEIRA,DS_AUDITORIA,NU_ENDERECO,TP_LOGRADOURO,DS_COMPLEMENTO_ENDERECO,DS_LOGRADOURO) values ('1E44BF38DADE4A54834D639E97DF0E9B','J','2004-06-02','2015-04-24','S','001','08001','6779-2',2566,'NÃO INFORMADO','PRAÇA MAJOR MENDONÇA Nº 374','CENTRO','38770000','droganor@bol.com.br','MG',1,null,'S','D',null,null,null,null,null,null);
Insert into DBCORPORATIVO.TB_PESSOA (ID_PESSOA,TP_PESSOA,DT_CADASTRO,DT_ATUALIZACAO,ST_VALIDADO,CO_BANCO,CO_AGENCIA,NU_CONTA_CORRENTE,CO_CIDADE,DS_QUALIFICACAO_ENDERECO,DS_ENDERECO,NO_BAIRRO,NU_CEP,DS_EMAIL,CO_UF,CO_PAIS,NU_NUVS,TP_ISENCAO_TAXA,TP_ORIGEM_CARGA,NO_CIDADE_ESTRANGEIRA,DS_AUDITORIA,NU_ENDERECO,TP_LOGRADOURO,DS_COMPLEMENTO_ENDERECO,DS_LOGRADOURO) values ('257A85C6C1E2425F934F64A3C3D2069A','J','2010-04-29','2015-08-20','S','409','0928','1148065',5296,'distribuidora de medicamentos e correlatos','AV JOAO PINHEIRO, 465','CENTRO','38400126','paramed.vendas@yahoo.com.br','MG',1,null,'S','R',null,null,null,null,null,null);
Insert into DBCORPORATIVO.TB_PESSOA (ID_PESSOA,TP_PESSOA,DT_CADASTRO,DT_ATUALIZACAO,ST_VALIDADO,CO_BANCO,CO_AGENCIA,NU_CONTA_CORRENTE,CO_CIDADE,DS_QUALIFICACAO_ENDERECO,DS_ENDERECO,NO_BAIRRO,NU_CEP,DS_EMAIL,CO_UF,CO_PAIS,NU_NUVS,TP_ISENCAO_TAXA,TP_ORIGEM_CARGA,NO_CIDADE_ESTRANGEIRA,DS_AUDITORIA,NU_ENDERECO,TP_LOGRADOURO,DS_COMPLEMENTO_ENDERECO,DS_LOGRADOURO) values ('40519E9DAA564941A44F67CE0C85723B','J','2003-04-29','2012-07-09','S','001','34185','54615',4621,'MATRIZ','RS 401, KM 30, N° 1009','SÃO JERÔNIMO','96700000',null,'RS',1,null,'S','R',null,null,null,null,null,null);
Insert into DBCORPORATIVO.TB_PESSOA (ID_PESSOA,TP_PESSOA,DT_CADASTRO,DT_ATUALIZACAO,ST_VALIDADO,CO_BANCO,CO_AGENCIA,NU_CONTA_CORRENTE,CO_CIDADE,DS_QUALIFICACAO_ENDERECO,DS_ENDERECO,NO_BAIRRO,NU_CEP,DS_EMAIL,CO_UF,CO_PAIS,NU_NUVS,TP_ISENCAO_TAXA,TP_ORIGEM_CARGA,NO_CIDADE_ESTRANGEIRA,DS_AUDITORIA,NU_ENDERECO,TP_LOGRADOURO,DS_COMPLEMENTO_ENDERECO,DS_LOGRADOURO) values ('5435955754424509AE2FACF17F399858','J','2004-09-22','2008-07-09','S','001','21221','551889',214,null,'logradouro 1','bairro distante','71416545','correioeletronico@anvisa.gov.br','TO',1,null,'S','R',null,null,null,null,null,null);
Insert into DBCORPORATIVO.TB_PESSOA (ID_PESSOA,TP_PESSOA,DT_CADASTRO,DT_ATUALIZACAO,ST_VALIDADO,CO_BANCO,CO_AGENCIA,NU_CONTA_CORRENTE,CO_CIDADE,DS_QUALIFICACAO_ENDERECO,DS_ENDERECO,NO_BAIRRO,NU_CEP,DS_EMAIL,CO_UF,CO_PAIS,NU_NUVS,TP_ISENCAO_TAXA,TP_ORIGEM_CARGA,NO_CIDADE_ESTRANGEIRA,DS_AUDITORIA,NU_ENDERECO,TP_LOGRADOURO,DS_COMPLEMENTO_ENDERECO,DS_LOGRADOURO) values ('68C86C59FE84495FAAF012C16189D5F0','J','2003-05-02','2005-08-23','S','104','1486','7545',2093,'DISPENSAÇÃO DE MEDICAMENTOS E CORRELATOS','RUA OTACILIO NEGRAO DE LIMA, 113','CENTRO','32400000','drogariaibirete@yahoo.com.br','MG',1,null,'S','R',null,null,null,null,null,null);
Insert into DBCORPORATIVO.TB_PESSOA (ID_PESSOA,TP_PESSOA,DT_CADASTRO,DT_ATUALIZACAO,ST_VALIDADO,CO_BANCO,CO_AGENCIA,NU_CONTA_CORRENTE,CO_CIDADE,DS_QUALIFICACAO_ENDERECO,DS_ENDERECO,NO_BAIRRO,NU_CEP,DS_EMAIL,CO_UF,CO_PAIS,NU_NUVS,TP_ISENCAO_TAXA,TP_ORIGEM_CARGA,NO_CIDADE_ESTRANGEIRA,DS_AUDITORIA,NU_ENDERECO,TP_LOGRADOURO,DS_COMPLEMENTO_ENDERECO,DS_LOGRADOURO) values ('699DDDD02D4F4AA5ABAA41F087C7C98B','J','2010-08-12','2012-10-24','S','237','2735','207918',5296,null,'RUA PAULO DE FRONTIN N. 914','CUSTODIO PEREIRA','38405210','hairtonfarma@zipmail.com','MG',1,null,'S','R',null,null,null,null,null,null);
Insert into DBCORPORATIVO.TB_PESSOA (ID_PESSOA,TP_PESSOA,DT_CADASTRO,DT_ATUALIZACAO,ST_VALIDADO,CO_BANCO,CO_AGENCIA,NU_CONTA_CORRENTE,CO_CIDADE,DS_QUALIFICACAO_ENDERECO,DS_ENDERECO,NO_BAIRRO,NU_CEP,DS_EMAIL,CO_UF,CO_PAIS,NU_NUVS,TP_ISENCAO_TAXA,TP_ORIGEM_CARGA,NO_CIDADE_ESTRANGEIRA,DS_AUDITORIA,NU_ENDERECO,TP_LOGRADOURO,DS_COMPLEMENTO_ENDERECO,DS_LOGRADOURO) values ('6F06E752F2AD4208B7BF4BE4551BF839','J','2006-05-30','2012-05-07','N','001','123','12345',4217,null,'174','CENTRO','99590000','tet@test.com','RS',1,null,'S','R',null,null,null,null,null,null);
Insert into DBCORPORATIVO.TB_PESSOA (ID_PESSOA,TP_PESSOA,DT_CADASTRO,DT_ATUALIZACAO,ST_VALIDADO,CO_BANCO,CO_AGENCIA,NU_CONTA_CORRENTE,CO_CIDADE,DS_QUALIFICACAO_ENDERECO,DS_ENDERECO,NO_BAIRRO,NU_CEP,DS_EMAIL,CO_UF,CO_PAIS,NU_NUVS,TP_ISENCAO_TAXA,TP_ORIGEM_CARGA,NO_CIDADE_ESTRANGEIRA,DS_AUDITORIA,NU_ENDERECO,TP_LOGRADOURO,DS_COMPLEMENTO_ENDERECO,DS_LOGRADOURO) values ('7218F134C2574FD0930159A5744E2CD6','J','2009-09-18','2015-03-19','N','001','12236','94414000',823,null,'LOGRADOURO      550','BAIRRO','96570000','empresa_filial02@anvisa.gov.br','RS',1,null,'S','R',null,null,null,null,null,null);
Insert into DBCORPORATIVO.TB_PESSOA (ID_PESSOA,TP_PESSOA,DT_CADASTRO,DT_ATUALIZACAO,ST_VALIDADO,CO_BANCO,CO_AGENCIA,NU_CONTA_CORRENTE,CO_CIDADE,DS_QUALIFICACAO_ENDERECO,DS_ENDERECO,NO_BAIRRO,NU_CEP,DS_EMAIL,CO_UF,CO_PAIS,NU_NUVS,TP_ISENCAO_TAXA,TP_ORIGEM_CARGA,NO_CIDADE_ESTRANGEIRA,DS_AUDITORIA,NU_ENDERECO,TP_LOGRADOURO,DS_COMPLEMENTO_ENDERECO,DS_LOGRADOURO) values ('9884AA76C41045AD97374B0C0EEDE281','J','2003-07-08','2015-09-09','S','001','212-12','121-54',5473,'matriz','SIA Trecho 5 area especial 57','Asa Norte','75012200','oansfioasdnf@hotmail.com','ES',1,null,'S','R',null,null,null,null,null,null);
Insert into DBCORPORATIVO.TB_PESSOA (ID_PESSOA,TP_PESSOA,DT_CADASTRO,DT_ATUALIZACAO,ST_VALIDADO,CO_BANCO,CO_AGENCIA,NU_CONTA_CORRENTE,CO_CIDADE,DS_QUALIFICACAO_ENDERECO,DS_ENDERECO,NO_BAIRRO,NU_CEP,DS_EMAIL,CO_UF,CO_PAIS,NU_NUVS,TP_ISENCAO_TAXA,TP_ORIGEM_CARGA,NO_CIDADE_ESTRANGEIRA,DS_AUDITORIA,NU_ENDERECO,TP_LOGRADOURO,DS_COMPLEMENTO_ENDERECO,DS_LOGRADOURO) values ('B83C15C152303890E0330A67021B3890','J','2003-03-06','2015-09-08','S','001','3398-7','6179-4',2653,'MATRIZ','RUA SÃO FRANCISCO, N° 1300','AMÉRICO SILVA','35590000','tecnico@pharlab.com.br','MG',1,null,'S','R',null,null,null,null,null,null);
Insert into DBCORPORATIVO.TB_PESSOA (ID_PESSOA,TP_PESSOA,DT_CADASTRO,DT_ATUALIZACAO,ST_VALIDADO,CO_BANCO,CO_AGENCIA,NU_CONTA_CORRENTE,CO_CIDADE,DS_QUALIFICACAO_ENDERECO,DS_ENDERECO,NO_BAIRRO,NU_CEP,DS_EMAIL,CO_UF,CO_PAIS,NU_NUVS,TP_ISENCAO_TAXA,TP_ORIGEM_CARGA,NO_CIDADE_ESTRANGEIRA,DS_AUDITORIA,NU_ENDERECO,TP_LOGRADOURO,DS_COMPLEMENTO_ENDERECO,DS_LOGRADOURO) values ('B83C15C15B0B3890E0330A67021B3890','J','2003-03-06','2014-07-02','S','033','0004','130077501',557,'MATRIZ','RUA MONSENHOR CLARO, N° 6-90','CENTRO','17015130','santisa@santisa.com.br','SP',1,null,'S','R',null,null,null,null,null,null);
Insert into DBCORPORATIVO.TB_PESSOA (ID_PESSOA,TP_PESSOA,DT_CADASTRO,DT_ATUALIZACAO,ST_VALIDADO,CO_BANCO,CO_AGENCIA,NU_CONTA_CORRENTE,CO_CIDADE,DS_QUALIFICACAO_ENDERECO,DS_ENDERECO,NO_BAIRRO,NU_CEP,DS_EMAIL,CO_UF,CO_PAIS,NU_NUVS,TP_ISENCAO_TAXA,TP_ORIGEM_CARGA,NO_CIDADE_ESTRANGEIRA,DS_AUDITORIA,NU_ENDERECO,TP_LOGRADOURO,DS_COMPLEMENTO_ENDERECO,DS_LOGRADOURO) values ('B83C15C174FF3890E0330A67021B3890','J','2003-03-06','2011-11-30','S','341','0912','04241-3',1417,'MATRIZ','RODOVIA RAPOSO TAVARES, KM 26,9','MOINHO VELHO','06707000',null,'SP',1,null,'S','R',null,null,null,null,null,null);
Insert into DBCORPORATIVO.TB_PESSOA (ID_PESSOA,TP_PESSOA,DT_CADASTRO,DT_ATUALIZACAO,ST_VALIDADO,CO_BANCO,CO_AGENCIA,NU_CONTA_CORRENTE,CO_CIDADE,DS_QUALIFICACAO_ENDERECO,DS_ENDERECO,NO_BAIRRO,NU_CEP,DS_EMAIL,CO_UF,CO_PAIS,NU_NUVS,TP_ISENCAO_TAXA,TP_ORIGEM_CARGA,NO_CIDADE_ESTRANGEIRA,DS_AUDITORIA,NU_ENDERECO,TP_LOGRADOURO,DS_COMPLEMENTO_ENDERECO,DS_LOGRADOURO) values ('B83C15C1755F3890E0330A67021B3890','J','2003-03-06','2013-05-10','S','341','0912','08600-6',2012,'Matriz','RODOVIA PRESIDENTE DUTRA  KM 222,2','PORTO DA IGREJA','07034904','registro@ache.com.br','SP',1,null,'S','R',null,null,null,null,null,null);
Insert into DBCORPORATIVO.TB_PESSOA (ID_PESSOA,TP_PESSOA,DT_CADASTRO,DT_ATUALIZACAO,ST_VALIDADO,CO_BANCO,CO_AGENCIA,NU_CONTA_CORRENTE,CO_CIDADE,DS_QUALIFICACAO_ENDERECO,DS_ENDERECO,NO_BAIRRO,NU_CEP,DS_EMAIL,CO_UF,CO_PAIS,NU_NUVS,TP_ISENCAO_TAXA,TP_ORIGEM_CARGA,NO_CIDADE_ESTRANGEIRA,DS_AUDITORIA,NU_ENDERECO,TP_LOGRADOURO,DS_COMPLEMENTO_ENDERECO,DS_LOGRADOURO) values ('B83C15C176873890E0330A67021B3890','J','2003-03-06','2013-04-08','S','275','0689','97025765',4795,'MATRIZ','AVENIDA VEREADOR JOSÉ DINIZ, N° 3465','CAMPO BELO','04603003','61190096000192','SP',1,null,'S','R',null,null,null,null,null,null);
Insert into DBCORPORATIVO.TB_PESSOA (ID_PESSOA,TP_PESSOA,DT_CADASTRO,DT_ATUALIZACAO,ST_VALIDADO,CO_BANCO,CO_AGENCIA,NU_CONTA_CORRENTE,CO_CIDADE,DS_QUALIFICACAO_ENDERECO,DS_ENDERECO,NO_BAIRRO,NU_CEP,DS_EMAIL,CO_UF,CO_PAIS,NU_NUVS,TP_ISENCAO_TAXA,TP_ORIGEM_CARGA,NO_CIDADE_ESTRANGEIRA,DS_AUDITORIA,NU_ENDERECO,TP_LOGRADOURO,DS_COMPLEMENTO_ENDERECO,DS_LOGRADOURO) values ('BC1106A667504EB3824BF52310DB8694','J','2009-06-26','2015-12-22','S',null,null,null,4795,null,'-','-','70000000',null,'SP',1,null,'S','R',null,null,null,null,null,null);
Insert into DBCORPORATIVO.TB_PESSOA_FISICA (NU_CPF,NO_MAE,TP_SEXO,DT_NASCIMENTO,ID_PESSOA_FISICA,NO_PESSOA_FISICA,CO_PAIS_NACIONALIDADE,CO_CIDADE_NATURALIDADE,NO_CIDADE_NATURALIDADE,TP_ESTADO_CIVIL,NO_CONJUGUE,TP_SANGUE_RH,NO_PAI,TP_NACIONALIDADE,TP_ORIGEM_ETNICA,TP_CIDADANIA,DS_AUDITORIA,NU_CNVS) values ('01186671815','Mãe Peticionamento','M','1990-01-01','73BA3A5D3DB744BB99BEB27E8428C335','Usuário de Teste Peticionamento',1,743,'Taguatinga/DF',null,null,null,null,null,null,null,null,null);
Insert into DBCORPORATIVO.TB_PESSOA_FISICA (NU_CPF,NO_MAE,TP_SEXO,DT_NASCIMENTO,ID_PESSOA_FISICA,NO_PESSOA_FISICA,CO_PAIS_NACIONALIDADE,CO_CIDADE_NATURALIDADE,NO_CIDADE_NATURALIDADE,TP_ESTADO_CIVIL,NO_CONJUGUE,TP_SANGUE_RH,NO_PAI,TP_NACIONALIDADE,TP_ORIGEM_ETNICA,TP_CIDADANIA,DS_AUDITORIA,NU_CNVS) values ('07642058624','nivalda queiroz da silva almeida','F','1985-12-25','D9BF72BF0BCD4A448EE6EE488B531A72','amanda queiroz de almeida',1,null,'iturama - mg',null,null,null,null,null,null,null,null,null);
Insert into DBCORPORATIVO.TB_PESSOA_FISICA (NU_CPF,NO_MAE,TP_SEXO,DT_NASCIMENTO,ID_PESSOA_FISICA,NO_PESSOA_FISICA,CO_PAIS_NACIONALIDADE,CO_CIDADE_NATURALIDADE,NO_CIDADE_NATURALIDADE,TP_ESTADO_CIVIL,NO_CONJUGUE,TP_SANGUE_RH,NO_PAI,TP_NACIONALIDADE,TP_ORIGEM_ETNICA,TP_CIDADANIA,DS_AUDITORIA,NU_CNVS) values ('36861555835','Kazuko Seki Oota','F',null,'E6AF4F107F00000146CF3257E60479EE','Keila Yuri Oota',1,null,'sao paulo',null,null,null,null,null,null,null,null,null);
Insert into DBCORPORATIVO.TB_PESSOA_JURIDICA (ID_PESSOA_JURIDICA,NU_CNPJ,ID_PESSOA_JURIDICA_LOCALIZACAO,ID_PESSOA_JURIDICA_PRINCIPAL,TP_PESSOA_JURIDICA,CO_CNAE_FISCAL,CO_PORTE,NO_FANTASIA,NO_RAZAO_SOCIAL,NU_SAC,DS_HOMEPAGE,NU_ANO_BASE_PORTE,DT_ATUALIZACAO_PORTE,DS_OBSERVACAO,TP_CLASSIFICACAO,CO_CNES,TP_COMPROVANTE,DS_AUDITORIA,DS_NATUREZA_JURIDICA,NU_CNVS,DS_IDENTIFICACAO_CNVS,ID_PESSOA_JURIDICAVIRTUAL,CO_CATEGORIA) values ('B83C15C1562F3890E0330A67021B3890','03271198000136',null,null,'N','4771701',3,null,'DROGARIA ISTO E LTDA ME',null,null,2007,'2008-01-21','Juliana ','E',null,'2',null,null,null,null,null,null);
Insert into DBCORPORATIVO.TB_PESSOA_JURIDICA (ID_PESSOA_JURIDICA,NU_CNPJ,ID_PESSOA_JURIDICA_LOCALIZACAO,ID_PESSOA_JURIDICA_PRINCIPAL,TP_PESSOA_JURIDICA,CO_CNAE_FISCAL,CO_PORTE,NO_FANTASIA,NO_RAZAO_SOCIAL,NU_SAC,DS_HOMEPAGE,NU_ANO_BASE_PORTE,DT_ATUALIZACAO_PORTE,DS_OBSERVACAO,TP_CLASSIFICACAO,CO_CNES,TP_COMPROVANTE,DS_AUDITORIA,DS_NATUREZA_JURIDICA,NU_CNVS,DS_IDENTIFICACAO_CNVS,ID_PESSOA_JURIDICAVIRTUAL,CO_CATEGORIA) values ('B83C15C156333890E0330A67021B3890','03272809000160',null,null,'N','5241801',3,'DROGADADA BORGES','SONIA MARIA S. A. PEREIRA - EPP',null,null,2006,'2006-06-30','Juliana ','E',null,null,null,null,null,null,null,null);
Insert into DBCORPORATIVO.TB_PESSOA_JURIDICA (ID_PESSOA_JURIDICA,NU_CNPJ,ID_PESSOA_JURIDICA_LOCALIZACAO,ID_PESSOA_JURIDICA_PRINCIPAL,TP_PESSOA_JURIDICA,CO_CNAE_FISCAL,CO_PORTE,NO_FANTASIA,NO_RAZAO_SOCIAL,NU_SAC,DS_HOMEPAGE,NU_ANO_BASE_PORTE,DT_ATUALIZACAO_PORTE,DS_OBSERVACAO,TP_CLASSIFICACAO,CO_CNES,TP_COMPROVANTE,DS_AUDITORIA,DS_NATUREZA_JURIDICA,NU_CNVS,DS_IDENTIFICACAO_CNVS,ID_PESSOA_JURIDICAVIRTUAL,CO_CATEGORIA) values ('00E628C78DB9EA72E050670A90021287','75623181000101',null,null,'N','8610101',null,'santa casa de bandeirantes','associação hospitalar beneficente de bandeirantes',null,null,null,null,null,'H','2577410',null,null,null,null,null,null,null);
Insert into DBCORPORATIVO.TB_PESSOA_JURIDICA (ID_PESSOA_JURIDICA,NU_CNPJ,ID_PESSOA_JURIDICA_LOCALIZACAO,ID_PESSOA_JURIDICA_PRINCIPAL,TP_PESSOA_JURIDICA,CO_CNAE_FISCAL,CO_PORTE,NO_FANTASIA,NO_RAZAO_SOCIAL,NU_SAC,DS_HOMEPAGE,NU_ANO_BASE_PORTE,DT_ATUALIZACAO_PORTE,DS_OBSERVACAO,TP_CLASSIFICACAO,CO_CNES,TP_COMPROVANTE,DS_AUDITORIA,DS_NATUREZA_JURIDICA,NU_CNVS,DS_IDENTIFICACAO_CNVS,ID_PESSOA_JURIDICAVIRTUAL,CO_CATEGORIA) values ('11A1DABE42744ECFBE602C75BA0ECE0B','28523215000106',null,null,'N','8531700',3,null,'UNIVERSIDADE FEDERAL FLUMINENSE - UFF',null,'www.uff.br',null,null,null,'E',null,null,null,null,null,null,null,null);
Insert into DBCORPORATIVO.TB_PESSOA_JURIDICA (ID_PESSOA_JURIDICA,NU_CNPJ,ID_PESSOA_JURIDICA_LOCALIZACAO,ID_PESSOA_JURIDICA_PRINCIPAL,TP_PESSOA_JURIDICA,CO_CNAE_FISCAL,CO_PORTE,NO_FANTASIA,NO_RAZAO_SOCIAL,NU_SAC,DS_HOMEPAGE,NU_ANO_BASE_PORTE,DT_ATUALIZACAO_PORTE,DS_OBSERVACAO,TP_CLASSIFICACAO,CO_CNES,TP_COMPROVANTE,DS_AUDITORIA,DS_NATUREZA_JURIDICA,NU_CNVS,DS_IDENTIFICACAO_CNVS,ID_PESSOA_JURIDICAVIRTUAL,CO_CATEGORIA) values ('1C05F8AED3774B71B3F25194B029F04B','02207096000199',null,null,'N','5241801',3,'FARMÁCIA MANDIRITUBA','M. MONTEIRO PINTO FARMÁCIA',null,null,2005,'2005-07-22',null,'E',null,null,null,null,null,null,null,null);
Insert into DBCORPORATIVO.TB_PESSOA_JURIDICA (ID_PESSOA_JURIDICA,NU_CNPJ,ID_PESSOA_JURIDICA_LOCALIZACAO,ID_PESSOA_JURIDICA_PRINCIPAL,TP_PESSOA_JURIDICA,CO_CNAE_FISCAL,CO_PORTE,NO_FANTASIA,NO_RAZAO_SOCIAL,NU_SAC,DS_HOMEPAGE,NU_ANO_BASE_PORTE,DT_ATUALIZACAO_PORTE,DS_OBSERVACAO,TP_CLASSIFICACAO,CO_CNES,TP_COMPROVANTE,DS_AUDITORIA,DS_NATUREZA_JURIDICA,NU_CNVS,DS_IDENTIFICACAO_CNVS,ID_PESSOA_JURIDICAVIRTUAL,CO_CATEGORIA) values ('1C0D2394CF8C40EF88A3AB5E143C44B8','00199979000179',null,null,'N','4771701',3,'DROGARIA NACIONAL','JOAO BATISTA DE LIMA & CIA LTDA',null,null,2008,'2008-04-04','Otávio Eduardo','E',null,'8',null,null,null,null,null,null);
Insert into DBCORPORATIVO.TB_PESSOA_JURIDICA (ID_PESSOA_JURIDICA,NU_CNPJ,ID_PESSOA_JURIDICA_LOCALIZACAO,ID_PESSOA_JURIDICA_PRINCIPAL,TP_PESSOA_JURIDICA,CO_CNAE_FISCAL,CO_PORTE,NO_FANTASIA,NO_RAZAO_SOCIAL,NU_SAC,DS_HOMEPAGE,NU_ANO_BASE_PORTE,DT_ATUALIZACAO_PORTE,DS_OBSERVACAO,TP_CLASSIFICACAO,CO_CNES,TP_COMPROVANTE,DS_AUDITORIA,DS_NATUREZA_JURIDICA,NU_CNVS,DS_IDENTIFICACAO_CNVS,ID_PESSOA_JURIDICAVIRTUAL,CO_CATEGORIA) values ('1E44BF38DADE4A54834D639E97DF0E9B','21165170000104',null,null,'N','4771702',2,'DROGANOR','FARMÁCIA NOROESTE LTDA',null,'praça major mendonça, 374',2015,'2015-04-24',null,'E',null,'2',null,null,null,null,null,null);
Insert into DBCORPORATIVO.TB_PESSOA_JURIDICA (ID_PESSOA_JURIDICA,NU_CNPJ,ID_PESSOA_JURIDICA_LOCALIZACAO,ID_PESSOA_JURIDICA_PRINCIPAL,TP_PESSOA_JURIDICA,CO_CNAE_FISCAL,CO_PORTE,NO_FANTASIA,NO_RAZAO_SOCIAL,NU_SAC,DS_HOMEPAGE,NU_ANO_BASE_PORTE,DT_ATUALIZACAO_PORTE,DS_OBSERVACAO,TP_CLASSIFICACAO,CO_CNES,TP_COMPROVANTE,DS_AUDITORIA,DS_NATUREZA_JURIDICA,NU_CNVS,DS_IDENTIFICACAO_CNVS,ID_PESSOA_JURIDICAVIRTUAL,CO_CATEGORIA) values ('257A85C6C1E2425F934F64A3C3D2069A','05876102000199',null,null,'N','4773300',2,'PARAMED','PARAMED PRODUTOS MEDICO HOSPITALARES LTDA',null,null,2015,'2015-01-29','(LUDIMILA)','E',null,'2',null,null,null,null,null,null);
Insert into DBCORPORATIVO.TB_PESSOA_JURIDICA (ID_PESSOA_JURIDICA,NU_CNPJ,ID_PESSOA_JURIDICA_LOCALIZACAO,ID_PESSOA_JURIDICA_PRINCIPAL,TP_PESSOA_JURIDICA,CO_CNAE_FISCAL,CO_PORTE,NO_FANTASIA,NO_RAZAO_SOCIAL,NU_SAC,DS_HOMEPAGE,NU_ANO_BASE_PORTE,DT_ATUALIZACAO_PORTE,DS_OBSERVACAO,TP_CLASSIFICACAO,CO_CNES,TP_COMPROVANTE,DS_AUDITORIA,DS_NATUREZA_JURIDICA,NU_CNVS,DS_IDENTIFICACAO_CNVS,ID_PESSOA_JURIDICAVIRTUAL,CO_CATEGORIA) values ('40519E9DAA564941A44F67CE0C85723B','92265552000140',null,null,'N','2121101',3,'Multilab','MULTILAB INDÚSTRIA E COMÉRCIO DE PRODUTOS FARMACÊUTICOS LTDA','516515114',null,2006,'2008-05-20','MIV Conforme DIPJ 2007-2006, com faturamento bruto no valor de R$ 3.120.731,82 - Fred.','E',null,'3',null,null,null,null,null,null);
Insert into DBCORPORATIVO.TB_PESSOA_JURIDICA (ID_PESSOA_JURIDICA,NU_CNPJ,ID_PESSOA_JURIDICA_LOCALIZACAO,ID_PESSOA_JURIDICA_PRINCIPAL,TP_PESSOA_JURIDICA,CO_CNAE_FISCAL,CO_PORTE,NO_FANTASIA,NO_RAZAO_SOCIAL,NU_SAC,DS_HOMEPAGE,NU_ANO_BASE_PORTE,DT_ATUALIZACAO_PORTE,DS_OBSERVACAO,TP_CLASSIFICACAO,CO_CNES,TP_COMPROVANTE,DS_AUDITORIA,DS_NATUREZA_JURIDICA,NU_CNVS,DS_IDENTIFICACAO_CNVS,ID_PESSOA_JURIDICAVIRTUAL,CO_CATEGORIA) values ('5435955754424509AE2FACF17F399858','22222222222222',null,'9884AA76C41045AD97374B0C0EEDE281','N','9420100',2,'Empresa de Teste 02','Empresa de Teste 02',null,null,2015,'2015-09-09','Informação inserida devido a atualização da informação da matriz. ','E',null,'2',null,null,null,null,null,null);
Insert into DBCORPORATIVO.TB_PESSOA_JURIDICA (ID_PESSOA_JURIDICA,NU_CNPJ,ID_PESSOA_JURIDICA_LOCALIZACAO,ID_PESSOA_JURIDICA_PRINCIPAL,TP_PESSOA_JURIDICA,CO_CNAE_FISCAL,CO_PORTE,NO_FANTASIA,NO_RAZAO_SOCIAL,NU_SAC,DS_HOMEPAGE,NU_ANO_BASE_PORTE,DT_ATUALIZACAO_PORTE,DS_OBSERVACAO,TP_CLASSIFICACAO,CO_CNES,TP_COMPROVANTE,DS_AUDITORIA,DS_NATUREZA_JURIDICA,NU_CNVS,DS_IDENTIFICACAO_CNVS,ID_PESSOA_JURIDICAVIRTUAL,CO_CATEGORIA) values ('68C86C59FE84495FAAF012C16189D5F0','19544907000140',null,null,'N','4771701',3,'DROGARIA IBIRITE','DROGARIA INDUSTRIAL LTDA',null,null,2005,'2005-09-30','Juliana ','E',null,null,null,null,null,null,null,null);
Insert into DBCORPORATIVO.TB_PESSOA_JURIDICA (ID_PESSOA_JURIDICA,NU_CNPJ,ID_PESSOA_JURIDICA_LOCALIZACAO,ID_PESSOA_JURIDICA_PRINCIPAL,TP_PESSOA_JURIDICA,CO_CNAE_FISCAL,CO_PORTE,NO_FANTASIA,NO_RAZAO_SOCIAL,NU_SAC,DS_HOMEPAGE,NU_ANO_BASE_PORTE,DT_ATUALIZACAO_PORTE,DS_OBSERVACAO,TP_CLASSIFICACAO,CO_CNES,TP_COMPROVANTE,DS_AUDITORIA,DS_NATUREZA_JURIDICA,NU_CNVS,DS_IDENTIFICACAO_CNVS,ID_PESSOA_JURIDICAVIRTUAL,CO_CATEGORIA) values ('699DDDD02D4F4AA5ABAA41F087C7C98B','10704095000188',null,null,'N','4771701',3,'HAIRTON FARMA','HAIRTON  FARMA COMERCIO DE MEDICAMENTOS LTDA',null,null,null,null,null,'E',null,null,null,null,null,null,null,null);
Insert into DBCORPORATIVO.TB_PESSOA_JURIDICA (ID_PESSOA_JURIDICA,NU_CNPJ,ID_PESSOA_JURIDICA_LOCALIZACAO,ID_PESSOA_JURIDICA_PRINCIPAL,TP_PESSOA_JURIDICA,CO_CNAE_FISCAL,CO_PORTE,NO_FANTASIA,NO_RAZAO_SOCIAL,NU_SAC,DS_HOMEPAGE,NU_ANO_BASE_PORTE,DT_ATUALIZACAO_PORTE,DS_OBSERVACAO,TP_CLASSIFICACAO,CO_CNES,TP_COMPROVANTE,DS_AUDITORIA,DS_NATUREZA_JURIDICA,NU_CNVS,DS_IDENTIFICACAO_CNVS,ID_PESSOA_JURIDICAVIRTUAL,CO_CATEGORIA) values ('6F06E752F2AD4208B7BF4BE4551BF839','88555313000157',null,null,'N','8610101',3,'HOSPITAL PADRE EUGENIO','SOCIEDADE HOSPITALAR BENEFICENTE PE EUGENIO  MEDICHESCHI',null,null,null,null,null,'H',null,'6',null,null,null,null,null,null);
Insert into DBCORPORATIVO.TB_PESSOA_JURIDICA (ID_PESSOA_JURIDICA,NU_CNPJ,ID_PESSOA_JURIDICA_LOCALIZACAO,ID_PESSOA_JURIDICA_PRINCIPAL,TP_PESSOA_JURIDICA,CO_CNAE_FISCAL,CO_PORTE,NO_FANTASIA,NO_RAZAO_SOCIAL,NU_SAC,DS_HOMEPAGE,NU_ANO_BASE_PORTE,DT_ATUALIZACAO_PORTE,DS_OBSERVACAO,TP_CLASSIFICACAO,CO_CNES,TP_COMPROVANTE,DS_AUDITORIA,DS_NATUREZA_JURIDICA,NU_CNVS,DS_IDENTIFICACAO_CNVS,ID_PESSOA_JURIDICAVIRTUAL,CO_CATEGORIA) values ('7218F134C2574FD0930159A5744E2CD6','11111111000272',null,'9884AA76C41045AD97374B0C0EEDE281','N','4771701',2,'NOME FANTASIA','EMRESA FILIAL - 02',null,null,2015,'2015-09-09','Informação inserida devido a atualização da informação da matriz. ','E',null,'2',null,null,null,null,null,null);
Insert into DBCORPORATIVO.TB_PESSOA_JURIDICA (ID_PESSOA_JURIDICA,NU_CNPJ,ID_PESSOA_JURIDICA_LOCALIZACAO,ID_PESSOA_JURIDICA_PRINCIPAL,TP_PESSOA_JURIDICA,CO_CNAE_FISCAL,CO_PORTE,NO_FANTASIA,NO_RAZAO_SOCIAL,NU_SAC,DS_HOMEPAGE,NU_ANO_BASE_PORTE,DT_ATUALIZACAO_PORTE,DS_OBSERVACAO,TP_CLASSIFICACAO,CO_CNES,TP_COMPROVANTE,DS_AUDITORIA,DS_NATUREZA_JURIDICA,NU_CNVS,DS_IDENTIFICACAO_CNVS,ID_PESSOA_JURIDICAVIRTUAL,CO_CATEGORIA) values ('9884AA76C41045AD97374B0C0EEDE281','11111111000191',null,null,'N','4771701',2,'Empresa de Teste LTDA (VS01).','Empresa de Teste LTDA. (VS01)','1212121212','www.anvisa.gov.br',2015,'2015-03-19',null,'H',null,'2',null,null,null,null,null,null);
Insert into DBCORPORATIVO.TB_PESSOA_JURIDICA (ID_PESSOA_JURIDICA,NU_CNPJ,ID_PESSOA_JURIDICA_LOCALIZACAO,ID_PESSOA_JURIDICA_PRINCIPAL,TP_PESSOA_JURIDICA,CO_CNAE_FISCAL,CO_PORTE,NO_FANTASIA,NO_RAZAO_SOCIAL,NU_SAC,DS_HOMEPAGE,NU_ANO_BASE_PORTE,DT_ATUALIZACAO_PORTE,DS_OBSERVACAO,TP_CLASSIFICACAO,CO_CNES,TP_COMPROVANTE,DS_AUDITORIA,DS_NATUREZA_JURIDICA,NU_CNVS,DS_IDENTIFICACAO_CNVS,ID_PESSOA_JURIDICAVIRTUAL,CO_CATEGORIA) values ('B83C15C152303890E0330A67021B3890','02501297000102',null,null,'N','2121101',4,'PHARLAB INDÚSTRIA FARMACÊUTICA S.A.','PHARLAB INDÚSTRIA FARMACÊUTICA S.A.','08000373322','www.pharlab.com.br',2013,'2014-07-14',null,'E',null,'7',null,null,null,null,null,null);
Insert into DBCORPORATIVO.TB_PESSOA_JURIDICA (ID_PESSOA_JURIDICA,NU_CNPJ,ID_PESSOA_JURIDICA_LOCALIZACAO,ID_PESSOA_JURIDICA_PRINCIPAL,TP_PESSOA_JURIDICA,CO_CNAE_FISCAL,CO_PORTE,NO_FANTASIA,NO_RAZAO_SOCIAL,NU_SAC,DS_HOMEPAGE,NU_ANO_BASE_PORTE,DT_ATUALIZACAO_PORTE,DS_OBSERVACAO,TP_CLASSIFICACAO,CO_CNES,TP_COMPROVANTE,DS_AUDITORIA,DS_NATUREZA_JURIDICA,NU_CNVS,DS_IDENTIFICACAO_CNVS,ID_PESSOA_JURIDICAVIRTUAL,CO_CATEGORIA) values ('B83C15C15B0B3890E0330A67021B3890','04099395000182',null,null,'N','2110600',5,'SANTISA','SANTISA LABORATÓRIO FARMACÊUTICO S/A',null,null,2013,'2014-07-02','Expediente nº514581143: DIPJ 2014/2013, com receita de R$ 13.537.543,23','E',null,'2',null,null,null,null,null,null);
Insert into DBCORPORATIVO.TB_PESSOA_JURIDICA (ID_PESSOA_JURIDICA,NU_CNPJ,ID_PESSOA_JURIDICA_LOCALIZACAO,ID_PESSOA_JURIDICA_PRINCIPAL,TP_PESSOA_JURIDICA,CO_CNAE_FISCAL,CO_PORTE,NO_FANTASIA,NO_RAZAO_SOCIAL,NU_SAC,DS_HOMEPAGE,NU_ANO_BASE_PORTE,DT_ATUALIZACAO_PORTE,DS_OBSERVACAO,TP_CLASSIFICACAO,CO_CNES,TP_COMPROVANTE,DS_AUDITORIA,DS_NATUREZA_JURIDICA,NU_CNVS,DS_IDENTIFICACAO_CNVS,ID_PESSOA_JURIDICAVIRTUAL,CO_CATEGORIA) values ('B83C15C174FF3890E0330A67021B3890','60318797000100',null,null,'N','2121101',3,'astrazeneca','ASTRAZENECA DO BRASIL LTDA','08000145578','www.astrazeneca.com.br',2008,'2010-05-14','Patrícia (receita de R$ 1.226.064.846,98)','E',null,'3',null,null,null,null,null,null);
Insert into DBCORPORATIVO.TB_PESSOA_JURIDICA (ID_PESSOA_JURIDICA,NU_CNPJ,ID_PESSOA_JURIDICA_LOCALIZACAO,ID_PESSOA_JURIDICA_PRINCIPAL,TP_PESSOA_JURIDICA,CO_CNAE_FISCAL,CO_PORTE,NO_FANTASIA,NO_RAZAO_SOCIAL,NU_SAC,DS_HOMEPAGE,NU_ANO_BASE_PORTE,DT_ATUALIZACAO_PORTE,DS_OBSERVACAO,TP_CLASSIFICACAO,CO_CNES,TP_COMPROVANTE,DS_AUDITORIA,DS_NATUREZA_JURIDICA,NU_CNVS,DS_IDENTIFICACAO_CNVS,ID_PESSOA_JURIDICAVIRTUAL,CO_CATEGORIA) values ('B83C15C1755F3890E0330A67021B3890','60659463000191',null,null,'N','2121101',3,null,'ACHÉ LABORATÓRIOS FARMACÊUTICOS S.A.','08007016900','www.ache.com.br',null,null,null,'E',null,null,null,null,null,null,null,null);
Insert into DBCORPORATIVO.TB_PESSOA_JURIDICA (ID_PESSOA_JURIDICA,NU_CNPJ,ID_PESSOA_JURIDICA_LOCALIZACAO,ID_PESSOA_JURIDICA_PRINCIPAL,TP_PESSOA_JURIDICA,CO_CNAE_FISCAL,CO_PORTE,NO_FANTASIA,NO_RAZAO_SOCIAL,NU_SAC,DS_HOMEPAGE,NU_ANO_BASE_PORTE,DT_ATUALIZACAO_PORTE,DS_OBSERVACAO,TP_CLASSIFICACAO,CO_CNES,TP_COMPROVANTE,DS_AUDITORIA,DS_NATUREZA_JURIDICA,NU_CNVS,DS_IDENTIFICACAO_CNVS,ID_PESSOA_JURIDICAVIRTUAL,CO_CATEGORIA) values ('B83C15C176873890E0330A67021B3890','61190096000192',null,null,'N','2121101',3,'EUROFARMA LABORATÓRIOS','EUROFARMA LABORATÓRIOS S.A.','08007043876','www.eurofarma.com.br',2006,'2007-02-21','Jorge Luiz...','E',null,'3',null,null,null,null,null,null);
Insert into DBCORPORATIVO.TB_PESSOA_JURIDICA (ID_PESSOA_JURIDICA,NU_CNPJ,ID_PESSOA_JURIDICA_LOCALIZACAO,ID_PESSOA_JURIDICA_PRINCIPAL,TP_PESSOA_JURIDICA,CO_CNAE_FISCAL,CO_PORTE,NO_FANTASIA,NO_RAZAO_SOCIAL,NU_SAC,DS_HOMEPAGE,NU_ANO_BASE_PORTE,DT_ATUALIZACAO_PORTE,DS_OBSERVACAO,TP_CLASSIFICACAO,CO_CNES,TP_COMPROVANTE,DS_AUDITORIA,DS_NATUREZA_JURIDICA,NU_CNVS,DS_IDENTIFICACAO_CNVS,ID_PESSOA_JURIDICAVIRTUAL,CO_CATEGORIA) values ('BC1106A667504EB3824BF52310DB8694','33683202000134',null,null,'N','4771701',3,'VISA ESTADUAL SP TESTE','VISA ESTADUAL SP TESTE','1212121212',null,2012,'2013-01-17','TESTE','O',null,'7',null,null,null,null,null,null);
Insert into DBCORPORATIVO.TB_USUARIO (DS_SENHA,ST_BLOQUEADO,NU_TENTATIVA,DS_EMAIL,DS_PERGUNTA_SECRETA,DS_RESPOSTA_SECRETA,NU_REDEFINIR_SENHA,ID_PESSOA,ID_USUARIO,CO_PERGUNTA_SECRETA) values ('25d55ad283aa400af464c76d713c07ad','N',2,'teste@anvisa.gov.br',null,null,1453235925825,'73BA3A5D3DB744BB99BEB27E8428C335','B49C6195350D404787952782E247FD81',null);
Insert into DBCORPORATIVO.TB_USUARIO (DS_SENHA,ST_BLOQUEADO,NU_TENTATIVA,DS_EMAIL,DS_PERGUNTA_SECRETA,DS_RESPOSTA_SECRETA,NU_REDEFINIR_SENHA,ID_PESSOA,ID_USUARIO,CO_PERGUNTA_SECRETA) values ('25d55ad283aa400af464c76d713c07ad','N',0,'03271198000136',null,null,0,'B83C15C1562F3890E0330A67021B3890','B83C15C156323890E0330A67021B3890',null);
Insert into DBCORPORATIVO.TB_USUARIO (DS_SENHA,ST_BLOQUEADO,NU_TENTATIVA,DS_EMAIL,DS_PERGUNTA_SECRETA,DS_RESPOSTA_SECRETA,NU_REDEFINIR_SENHA,ID_PESSOA,ID_USUARIO,CO_PERGUNTA_SECRETA) values ('8549cb621e3cf2fcc4396e1e6e4773d3','N',0,'03272809000160',null,null,0,'B83C15C156333890E0330A67021B3890','B83C15C156363890E0330A67021B3890',null);
Insert into DBCORPORATIVO.TB_USUARIO (DS_SENHA,ST_BLOQUEADO,NU_TENTATIVA,DS_EMAIL,DS_PERGUNTA_SECRETA,DS_RESPOSTA_SECRETA,NU_REDEFINIR_SENHA,ID_PESSOA,ID_USUARIO,CO_PERGUNTA_SECRETA) values ('93500d8a963a9c8f6a0ab327b1b2404d','S',0,'amqueal@gmail.com',null,null,1440204816511,'D9BF72BF0BCD4A448EE6EE488B531A72','54D75A7F660A41739BB292EF6EBF936E',null);
Insert into DBCORPORATIVO.TB_USUARIO (DS_SENHA,ST_BLOQUEADO,NU_TENTATIVA,DS_EMAIL,DS_PERGUNTA_SECRETA,DS_RESPOSTA_SECRETA,NU_REDEFINIR_SENHA,ID_PESSOA,ID_USUARIO,CO_PERGUNTA_SECRETA) values ('40be4e59b9a2a2b5dffb918c0e86b3d7','N',0,'keila.oota@astrazeneca.com',null,null,null,'E6AF4F107F00000146CF3257E60479EE','E6AF4F6B7F00000163181C2B90CD9144',null);
Insert into DBCORPORATIVO.TB_USUARIO_REPRESENTANTE (ID_USUARIO_REPRESENTANTE,ID_USUARIO_REPRESENTANTE_PAI,ID_USUARIO,ID_PESSOA_REPRESENTADA,DT_EXPIRACAO,ST_BLOQUEADO,DS_JUSTIFICATIVA_BLOQUEIO) values ('17279C3CADF1462AA10994E85CB32613','4895199ADF20435C95B37AC952E020F5','01D0CE32B8654A67AC5E72490C83FBF5','B83C15C1562F3890E0330A67021B3890',null,'N',null);
Insert into DBCORPORATIVO.TB_USUARIO_REPRESENTANTE (ID_USUARIO_REPRESENTANTE,ID_USUARIO_REPRESENTANTE_PAI,ID_USUARIO,ID_PESSOA_REPRESENTADA,DT_EXPIRACAO,ST_BLOQUEADO,DS_JUSTIFICATIVA_BLOQUEIO) values ('4895199ADF20435C95B37AC952E020F5',null,'5EF938A1B965492797EBAD8AF8FC4CDA','B83C15C1562F3890E0330A67021B3890',null,'N',null);
Insert into DBCORPORATIVO.TB_USUARIO_REPRESENTANTE (ID_USUARIO_REPRESENTANTE,ID_USUARIO_REPRESENTANTE_PAI,ID_USUARIO,ID_PESSOA_REPRESENTADA,DT_EXPIRACAO,ST_BLOQUEADO,DS_JUSTIFICATIVA_BLOQUEIO) values ('D7935AB3327B42869752DB54F6462501',null,'F6D06D655A9D48C799700B5492B8B0F9','B83C15C156333890E0330A67021B3890',null,'N',null);
Insert into DBCORPORATIVO.TB_USUARIO_REPRESENTANTE (ID_USUARIO_REPRESENTANTE,ID_USUARIO_REPRESENTANTE_PAI,ID_USUARIO,ID_PESSOA_REPRESENTADA,DT_EXPIRACAO,ST_BLOQUEADO,DS_JUSTIFICATIVA_BLOQUEIO) values ('ECAABC047F0000010E9420102E5185C6','D7935AB3327B42869752DB54F6462501','ECAABBCA7F00000143CD4C9367F375BF','B83C15C156333890E0330A67021B3890',null,'N',null);
Insert into DBCORPORATIVO.TB_USUARIO_REPRESENTANTE (ID_USUARIO_REPRESENTANTE,ID_USUARIO_REPRESENTANTE_PAI,ID_USUARIO,ID_PESSOA_REPRESENTADA,DT_EXPIRACAO,ST_BLOQUEADO,DS_JUSTIFICATIVA_BLOQUEIO) values ('719916E82D7E4B7CE040670A28020EFF',null,'54D75A7F660A41739BB292EF6EBF936E','1C0D2394CF8C40EF88A3AB5E143C44B8','2010-07-30','S',null);
Insert into DBCORPORATIVO.TB_USUARIO_REPRESENTANTE (ID_USUARIO_REPRESENTANTE,ID_USUARIO_REPRESENTANTE_PAI,ID_USUARIO,ID_PESSOA_REPRESENTADA,DT_EXPIRACAO,ST_BLOQUEADO,DS_JUSTIFICATIVA_BLOQUEIO) values ('BAD19F61FA6846AF84336809FD26EA81',null,'54D75A7F660A41739BB292EF6EBF936E','257A85C6C1E2425F934F64A3C3D2069A',null,'N',null);
Insert into DBCORPORATIVO.TB_USUARIO_REPRESENTANTE (ID_USUARIO_REPRESENTANTE,ID_USUARIO_REPRESENTANTE_PAI,ID_USUARIO,ID_PESSOA_REPRESENTADA,DT_EXPIRACAO,ST_BLOQUEADO,DS_JUSTIFICATIVA_BLOQUEIO) values ('DBA9E8E0C8C6C946246ED68C1680ADC9','615A9E45619945D4BFD9597E5B3D1105','54D75A7F660A41739BB292EF6EBF936E','699DDDD02D4F4AA5ABAA41F087C7C98B',null,'N',null);
Insert into DBCORPORATIVO.TB_USUARIO_REPRESENTANTE (ID_USUARIO_REPRESENTANTE,ID_USUARIO_REPRESENTANTE_PAI,ID_USUARIO,ID_PESSOA_REPRESENTADA,DT_EXPIRACAO,ST_BLOQUEADO,DS_JUSTIFICATIVA_BLOQUEIO) values ('071B18B13C89BC95E053AF02670A4ACA',null,'B49C6195350D404787952782E247FD81','00E628C78DB9EA72E050670A90021287','2016-10-14','N',null);
Insert into DBCORPORATIVO.TB_USUARIO_REPRESENTANTE (ID_USUARIO_REPRESENTANTE,ID_USUARIO_REPRESENTANTE_PAI,ID_USUARIO,ID_PESSOA_REPRESENTADA,DT_EXPIRACAO,ST_BLOQUEADO,DS_JUSTIFICATIVA_BLOQUEIO) values ('9C937725D8924423BB83C0D7785501CF',null,'B49C6195350D404787952782E247FD81','11A1DABE42744ECFBE602C75BA0ECE0B',null,'S',null);
Insert into DBCORPORATIVO.TB_USUARIO_REPRESENTANTE (ID_USUARIO_REPRESENTANTE,ID_USUARIO_REPRESENTANTE_PAI,ID_USUARIO,ID_PESSOA_REPRESENTADA,DT_EXPIRACAO,ST_BLOQUEADO,DS_JUSTIFICATIVA_BLOQUEIO) values ('056D268FA65846A1B0CE0158C4C61BB6',null,'B49C6195350D404787952782E247FD81','1C05F8AED3774B71B3F25194B029F04B','2016-10-14','N',null);
Insert into DBCORPORATIVO.TB_USUARIO_REPRESENTANTE (ID_USUARIO_REPRESENTANTE,ID_USUARIO_REPRESENTANTE_PAI,ID_USUARIO,ID_PESSOA_REPRESENTADA,DT_EXPIRACAO,ST_BLOQUEADO,DS_JUSTIFICATIVA_BLOQUEIO) values ('E1BC1427E58E4954A0B5345944366676',null,'B49C6195350D404787952782E247FD81','1E44BF38DADE4A54834D639E97DF0E9B',null,'S',null);
Insert into DBCORPORATIVO.TB_USUARIO_REPRESENTANTE (ID_USUARIO_REPRESENTANTE,ID_USUARIO_REPRESENTANTE_PAI,ID_USUARIO,ID_PESSOA_REPRESENTADA,DT_EXPIRACAO,ST_BLOQUEADO,DS_JUSTIFICATIVA_BLOQUEIO) values ('4D3390ADC8C6C9460049B169B5D3841A',null,'B49C6195350D404787952782E247FD81','40519E9DAA564941A44F67CE0C85723B',null,'S',null);
Insert into DBCORPORATIVO.TB_USUARIO_REPRESENTANTE (ID_USUARIO_REPRESENTANTE,ID_USUARIO_REPRESENTANTE_PAI,ID_USUARIO,ID_PESSOA_REPRESENTADA,DT_EXPIRACAO,ST_BLOQUEADO,DS_JUSTIFICATIVA_BLOQUEIO) values ('BDF979FD68304F928ACA1DA4B3F6A821',null,'B49C6195350D404787952782E247FD81','5435955754424509AE2FACF17F399858','2016-10-14','N',null);
Insert into DBCORPORATIVO.TB_USUARIO_REPRESENTANTE (ID_USUARIO_REPRESENTANTE,ID_USUARIO_REPRESENTANTE_PAI,ID_USUARIO,ID_PESSOA_REPRESENTADA,DT_EXPIRACAO,ST_BLOQUEADO,DS_JUSTIFICATIVA_BLOQUEIO) values ('3A1A7C1AFB17AC38E040670A280202A8',null,'B49C6195350D404787952782E247FD81','68C86C59FE84495FAAF012C16189D5F0',null,'S',null);
Insert into DBCORPORATIVO.TB_USUARIO_REPRESENTANTE (ID_USUARIO_REPRESENTANTE,ID_USUARIO_REPRESENTANTE_PAI,ID_USUARIO,ID_PESSOA_REPRESENTADA,DT_EXPIRACAO,ST_BLOQUEADO,DS_JUSTIFICATIVA_BLOQUEIO) values ('198E1A4B0F94463592CDAB0D8FB9E679',null,'B49C6195350D404787952782E247FD81','6F06E752F2AD4208B7BF4BE4551BF839',null,'S',null);
Insert into DBCORPORATIVO.TB_USUARIO_REPRESENTANTE (ID_USUARIO_REPRESENTANTE,ID_USUARIO_REPRESENTANTE_PAI,ID_USUARIO,ID_PESSOA_REPRESENTADA,DT_EXPIRACAO,ST_BLOQUEADO,DS_JUSTIFICATIVA_BLOQUEIO) values ('11A3BB8C5C2E1DBCE053AF02670A2DE7',null,'B49C6195350D404787952782E247FD81','7218F134C2574FD0930159A5744E2CD6','2016-10-14','N',null);
Insert into DBCORPORATIVO.TB_USUARIO_REPRESENTANTE (ID_USUARIO_REPRESENTANTE,ID_USUARIO_REPRESENTANTE_PAI,ID_USUARIO,ID_PESSOA_REPRESENTADA,DT_EXPIRACAO,ST_BLOQUEADO,DS_JUSTIFICATIVA_BLOQUEIO) values ('F184D4602883450D95A1AB9706498152',null,'B49C6195350D404787952782E247FD81','9884AA76C41045AD97374B0C0EEDE281','2016-10-14','N',null);
Insert into DBCORPORATIVO.TB_USUARIO_REPRESENTANTE (ID_USUARIO_REPRESENTANTE,ID_USUARIO_REPRESENTANTE_PAI,ID_USUARIO,ID_PESSOA_REPRESENTADA,DT_EXPIRACAO,ST_BLOQUEADO,DS_JUSTIFICATIVA_BLOQUEIO) values ('3A975562F233468882199D9AA263C8CE',null,'B49C6195350D404787952782E247FD81','B83C15C152303890E0330A67021B3890',null,'S',null);
Insert into DBCORPORATIVO.TB_USUARIO_REPRESENTANTE (ID_USUARIO_REPRESENTANTE,ID_USUARIO_REPRESENTANTE_PAI,ID_USUARIO,ID_PESSOA_REPRESENTADA,DT_EXPIRACAO,ST_BLOQUEADO,DS_JUSTIFICATIVA_BLOQUEIO) values ('23E1958AC8C6C9460050CE75A96183EC',null,'B49C6195350D404787952782E247FD81','B83C15C15B0B3890E0330A67021B3890',null,'S',null);
Insert into DBCORPORATIVO.TB_USUARIO_REPRESENTANTE (ID_USUARIO_REPRESENTANTE,ID_USUARIO_REPRESENTANTE_PAI,ID_USUARIO,ID_PESSOA_REPRESENTADA,DT_EXPIRACAO,ST_BLOQUEADO,DS_JUSTIFICATIVA_BLOQUEIO) values ('A6AFF6A7CF2A430899ED3E67EAA20370',null,'B49C6195350D404787952782E247FD81','B83C15C1755F3890E0330A67021B3890',null,'S',null);
Insert into DBCORPORATIVO.TB_USUARIO_REPRESENTANTE (ID_USUARIO_REPRESENTANTE,ID_USUARIO_REPRESENTANTE_PAI,ID_USUARIO,ID_PESSOA_REPRESENTADA,DT_EXPIRACAO,ST_BLOQUEADO,DS_JUSTIFICATIVA_BLOQUEIO) values ('D7936467BA2D4EC9BDEDA403E7243442',null,'B49C6195350D404787952782E247FD81','B83C15C176873890E0330A67021B3890',null,'S',null);
Insert into DBCORPORATIVO.TB_USUARIO_REPRESENTANTE (ID_USUARIO_REPRESENTANTE,ID_USUARIO_REPRESENTANTE_PAI,ID_USUARIO,ID_PESSOA_REPRESENTADA,DT_EXPIRACAO,ST_BLOQUEADO,DS_JUSTIFICATIVA_BLOQUEIO) values ('1F907711B0C04C1BA0BD0EAE27682A4F',null,'B49C6195350D404787952782E247FD81','BC1106A667504EB3824BF52310DB8694','2016-10-14','N',null);
Insert into DBCORPORATIVO.TB_USUARIO_REPRESENTANTE (ID_USUARIO_REPRESENTANTE,ID_USUARIO_REPRESENTANTE_PAI,ID_USUARIO,ID_PESSOA_REPRESENTADA,DT_EXPIRACAO,ST_BLOQUEADO,DS_JUSTIFICATIVA_BLOQUEIO) values ('E6AF4F787F000001034B9B1FB2C652AA','2A26C7E953094F95BFAFAEB7A2FFA994','E6AF4F6B7F00000163181C2B90CD9144','B83C15C174FF3890E0330A67021B3890','2011-01-01','N',null);
Insert into DBSEGURANCA.TB_USUARIO (CO_USERNAME,NO_USUARIO,CO_INTERNO_UORG,DT_EXPIRACAO_SENHA,DT_VALIDADE_SENHA,NU_TELEFONE,ST_BLOQUEADO,DS_CRIADOR,DS_SENHA,ST_GESTOR,DS_EMAIL,CO_COLABORADOR,ST_CRIA_USUARIO,NU_CPF,NU_MATRICULA_SIAPE,CO_SERVIDOR,NU_CONSELHO_REGIONAL,DS_PROFISSAO,DS_SENHA_MD5,DT_BLOQUEIO,DS_MOTIVO_BLOQUEIO,TP_USUARIO,DT_CADASTRO,DT_ALTERACAO,DS_CARGO,CO_CIDADE,CO_PAIS) values ('ALEXANDRE.TESTE','ALEXANDRE GORETTI',28,'2002-01-17','2003-01-12','4481133','S','ALEXANDRE.GORETTI','Y7710131A511D','N','alen@',null,'N','11111111111',null,null,null,null,'e10adc3949ba59abbe56e057f20f883e',null,null,'P','2001-01-01',null,null,null,1);
Insert into DBSEGURANCA.TB_USUARIO (CO_USERNAME,NO_USUARIO,CO_INTERNO_UORG,DT_EXPIRACAO_SENHA,DT_VALIDADE_SENHA,NU_TELEFONE,ST_BLOQUEADO,DS_CRIADOR,DS_SENHA,ST_GESTOR,DS_EMAIL,CO_COLABORADOR,ST_CRIA_USUARIO,NU_CPF,NU_MATRICULA_SIAPE,CO_SERVIDOR,NU_CONSELHO_REGIONAL,DS_PROFISSAO,DS_SENHA_MD5,DT_BLOQUEIO,DS_MOTIVO_BLOQUEIO,TP_USUARIO,DT_CADASTRO,DT_ALTERACAO,DS_CARGO,CO_CIDADE,CO_PAIS) values ('ANDERSON.TESTE','ANDERSON',4,'2002-11-22','2003-11-17','4481220','S','ANDERSON.ALDI','Y7710131A511D','N','anderson@',null,'N','11111111111',null,null,null,null,'e10adc3949ba59abbe56e057f20f883e',null,null,'P','2001-01-01',null,null,null,1);
Insert into DBSEGURANCA.TB_USUARIO (CO_USERNAME,NO_USUARIO,CO_INTERNO_UORG,DT_EXPIRACAO_SENHA,DT_VALIDADE_SENHA,NU_TELEFONE,ST_BLOQUEADO,DS_CRIADOR,DS_SENHA,ST_GESTOR,DS_EMAIL,CO_COLABORADOR,ST_CRIA_USUARIO,NU_CPF,NU_MATRICULA_SIAPE,CO_SERVIDOR,NU_CONSELHO_REGIONAL,DS_PROFISSAO,DS_SENHA_MD5,DT_BLOQUEIO,DS_MOTIVO_BLOQUEIO,TP_USUARIO,DT_CADASTRO,DT_ALTERACAO,DS_CARGO,CO_CIDADE,CO_PAIS) values ('CPD.TESTE2015','Cpd Teste 2015',1361,null,null,'38771347','N','NELCI.SANTOS','Y7710131A511D','N','cpd.teste2015@anvisa.gov.br',null,'N','48320242134',null,null,null,null,'7e05cbeb440e9cb97d578394bc939b39',null,null,'P','2015-05-23',null,'TERCEIRIZADO',null,1);
Insert into DBSEGURANCA.TB_USUARIO (CO_USERNAME,NO_USUARIO,CO_INTERNO_UORG,DT_EXPIRACAO_SENHA,DT_VALIDADE_SENHA,NU_TELEFONE,ST_BLOQUEADO,DS_CRIADOR,DS_SENHA,ST_GESTOR,DS_EMAIL,CO_COLABORADOR,ST_CRIA_USUARIO,NU_CPF,NU_MATRICULA_SIAPE,CO_SERVIDOR,NU_CONSELHO_REGIONAL,DS_PROFISSAO,DS_SENHA_MD5,DT_BLOQUEIO,DS_MOTIVO_BLOQUEIO,TP_USUARIO,DT_CADASTRO,DT_ALTERACAO,DS_CARGO,CO_CIDADE,CO_PAIS) values ('DEV.TESTE','Dev Teste',114,null,'2065-12-10','6196133660','N','FERNANDO.MEIRELES','Y7710131A511D',null,'dev@anvisa.com',null,null,'02219577155',null,null,null,'Dev','áÜ9IºY«¾VàWòˆ>                ','2016-01-21','asdfasdfadfadsfadsfasdfadsf','E','2015-12-10','2016-01-27','TERCEIRIZADO',2,1);
Insert into DBSEGURANCA.TB_USUARIO (CO_USERNAME,NO_USUARIO,CO_INTERNO_UORG,DT_EXPIRACAO_SENHA,DT_VALIDADE_SENHA,NU_TELEFONE,ST_BLOQUEADO,DS_CRIADOR,DS_SENHA,ST_GESTOR,DS_EMAIL,CO_COLABORADOR,ST_CRIA_USUARIO,NU_CPF,NU_MATRICULA_SIAPE,CO_SERVIDOR,NU_CONSELHO_REGIONAL,DS_PROFISSAO,DS_SENHA_MD5,DT_BLOQUEIO,DS_MOTIVO_BLOQUEIO,TP_USUARIO,DT_CADASTRO,DT_ALTERACAO,DS_CARGO,CO_CIDADE,CO_PAIS) values ('DEV.TESTE1','dev teste',110,'2016-07-25','2066-01-27','57064540165','N','GABRIEL.ALEXANDRE',null,'N','teste@senha.com',null,'N','02219577155',null,null,null,'dev',null,null,null,'P','2016-01-27',null,'TERCEIRIZADO',6359,88);
Insert into DBSEGURANCA.TB_USUARIO (CO_USERNAME,NO_USUARIO,CO_INTERNO_UORG,DT_EXPIRACAO_SENHA,DT_VALIDADE_SENHA,NU_TELEFONE,ST_BLOQUEADO,DS_CRIADOR,DS_SENHA,ST_GESTOR,DS_EMAIL,CO_COLABORADOR,ST_CRIA_USUARIO,NU_CPF,NU_MATRICULA_SIAPE,CO_SERVIDOR,NU_CONSELHO_REGIONAL,DS_PROFISSAO,DS_SENHA_MD5,DT_BLOQUEIO,DS_MOTIVO_BLOQUEIO,TP_USUARIO,DT_CADASTRO,DT_ALTERACAO,DS_CARGO,CO_CIDADE,CO_PAIS) values ('DEV.TESTE2','Dev Teste',4,'2016-07-31','2066-02-02','45141241234','N','GABRIEL.ALEXANDRE','Y7217166A216D','N','teste@teste.com',null,'N','02219577155',null,null,null,'dev','61bd60c60d9fb60cc8fc7767669d40a1',null,null,'E','2016-02-02',null,'TERCEIRIZADO',null,170);
Insert into DBSEGURANCA.TB_USUARIO (CO_USERNAME,NO_USUARIO,CO_INTERNO_UORG,DT_EXPIRACAO_SENHA,DT_VALIDADE_SENHA,NU_TELEFONE,ST_BLOQUEADO,DS_CRIADOR,DS_SENHA,ST_GESTOR,DS_EMAIL,CO_COLABORADOR,ST_CRIA_USUARIO,NU_CPF,NU_MATRICULA_SIAPE,CO_SERVIDOR,NU_CONSELHO_REGIONAL,DS_PROFISSAO,DS_SENHA_MD5,DT_BLOQUEIO,DS_MOTIVO_BLOQUEIO,TP_USUARIO,DT_CADASTRO,DT_ALTERACAO,DS_CARGO,CO_CIDADE,CO_PAIS) values ('DEV.TESTE3','Dev Teste',4,'2016-07-31','2066-02-02','24124123413','N','GABRIEL.ALEXANDRE','Y7217166A216D','N','teste@teste.com',null,'N','11111111111',null,null,null,'dev','61bd60c60d9fb60cc8fc7767669d40a1',null,null,'E','2016-02-02',null,'TERCEIRIZADO',null,170);
Insert into DBSEGURANCA.TB_USUARIO (CO_USERNAME,NO_USUARIO,CO_INTERNO_UORG,DT_EXPIRACAO_SENHA,DT_VALIDADE_SENHA,NU_TELEFONE,ST_BLOQUEADO,DS_CRIADOR,DS_SENHA,ST_GESTOR,DS_EMAIL,CO_COLABORADOR,ST_CRIA_USUARIO,NU_CPF,NU_MATRICULA_SIAPE,CO_SERVIDOR,NU_CONSELHO_REGIONAL,DS_PROFISSAO,DS_SENHA_MD5,DT_BLOQUEIO,DS_MOTIVO_BLOQUEIO,TP_USUARIO,DT_CADASTRO,DT_ALTERACAO,DS_CARGO,CO_CIDADE,CO_PAIS) values ('DEV.TTESTE','Dev Teste',110,'2016-07-19','2066-01-21','47485745974','N','FERNANDO.MEIRELES',null,'N','teste@senha.com',null,'N','11111111111',null,null,null,'dev',null,null,null,'P','2016-01-21',null,'TERCEIRIZADO',null,170);
Insert into DBSEGURANCA.TB_USUARIO (CO_USERNAME,NO_USUARIO,CO_INTERNO_UORG,DT_EXPIRACAO_SENHA,DT_VALIDADE_SENHA,NU_TELEFONE,ST_BLOQUEADO,DS_CRIADOR,DS_SENHA,ST_GESTOR,DS_EMAIL,CO_COLABORADOR,ST_CRIA_USUARIO,NU_CPF,NU_MATRICULA_SIAPE,CO_SERVIDOR,NU_CONSELHO_REGIONAL,DS_PROFISSAO,DS_SENHA_MD5,DT_BLOQUEIO,DS_MOTIVO_BLOQUEIO,TP_USUARIO,DT_CADASTRO,DT_ALTERACAO,DS_CARGO,CO_CIDADE,CO_PAIS) values ('DIRETOR1.TESTE','DIRETOR1 TESTE',1511,'2025-07-07','2025-07-07','9999','N','MARCO.LIMA','Y7710131A511D','N','diretor1.teste@anvisa.gov.br',null,'N','99999999999',null,null,null,null,'25d55ad283aa400af464c76d713c07ad',null,null,'P','2015-07-07','2015-07-07',null,743,0);
Insert into DBSEGURANCA.TB_USUARIO (CO_USERNAME,NO_USUARIO,CO_INTERNO_UORG,DT_EXPIRACAO_SENHA,DT_VALIDADE_SENHA,NU_TELEFONE,ST_BLOQUEADO,DS_CRIADOR,DS_SENHA,ST_GESTOR,DS_EMAIL,CO_COLABORADOR,ST_CRIA_USUARIO,NU_CPF,NU_MATRICULA_SIAPE,CO_SERVIDOR,NU_CONSELHO_REGIONAL,DS_PROFISSAO,DS_SENHA_MD5,DT_BLOQUEIO,DS_MOTIVO_BLOQUEIO,TP_USUARIO,DT_CADASTRO,DT_ALTERACAO,DS_CARGO,CO_CIDADE,CO_PAIS) values ('DIRETOR2.TESTE','DIRETOR2 TESTE',1515,'2025-07-07','2025-07-07','9999','N','MARCO.LIMA','Y7710131A511D','N','diretor2.teste@anvisa.gov.br',null,'N','99999999999',null,null,null,null,'25d55ad283aa400af464c76d713c07ad',null,null,'P','2015-07-07','2015-07-07',null,743,0);
Insert into DBSEGURANCA.TB_USUARIO (CO_USERNAME,NO_USUARIO,CO_INTERNO_UORG,DT_EXPIRACAO_SENHA,DT_VALIDADE_SENHA,NU_TELEFONE,ST_BLOQUEADO,DS_CRIADOR,DS_SENHA,ST_GESTOR,DS_EMAIL,CO_COLABORADOR,ST_CRIA_USUARIO,NU_CPF,NU_MATRICULA_SIAPE,CO_SERVIDOR,NU_CONSELHO_REGIONAL,DS_PROFISSAO,DS_SENHA_MD5,DT_BLOQUEIO,DS_MOTIVO_BLOQUEIO,TP_USUARIO,DT_CADASTRO,DT_ALTERACAO,DS_CARGO,CO_CIDADE,CO_PAIS) values ('DIRETOR3.TESTE','DIRETOR3 TESTE',1513,'2025-07-07','2025-07-07','9999','N','MARCO.LIMA','Y7710131A511D','N','diretor3.teste@anvisa.gov.br',null,'N','99999999999',null,null,null,null,'25d55ad283aa400af464c76d713c07ad',null,null,'P','2015-07-07','2015-07-07',null,743,0);
Insert into DBSEGURANCA.TB_USUARIO (CO_USERNAME,NO_USUARIO,CO_INTERNO_UORG,DT_EXPIRACAO_SENHA,DT_VALIDADE_SENHA,NU_TELEFONE,ST_BLOQUEADO,DS_CRIADOR,DS_SENHA,ST_GESTOR,DS_EMAIL,CO_COLABORADOR,ST_CRIA_USUARIO,NU_CPF,NU_MATRICULA_SIAPE,CO_SERVIDOR,NU_CONSELHO_REGIONAL,DS_PROFISSAO,DS_SENHA_MD5,DT_BLOQUEIO,DS_MOTIVO_BLOQUEIO,TP_USUARIO,DT_CADASTRO,DT_ALTERACAO,DS_CARGO,CO_CIDADE,CO_PAIS) values ('DIRETOR4.TESTE','DIRETOR4 TESTE',1514,'2025-07-07','2025-07-07','9999','N','MARCO.LIMA','Y7710131A511D','N','diretor4.teste@anvisa.gov.br',null,'N','99999999999',null,null,null,null,'25d55ad283aa400af464c76d713c07ad',null,null,'P','2015-07-07','2015-07-07',null,743,0);
Insert into DBSEGURANCA.TB_USUARIO (CO_USERNAME,NO_USUARIO,CO_INTERNO_UORG,DT_EXPIRACAO_SENHA,DT_VALIDADE_SENHA,NU_TELEFONE,ST_BLOQUEADO,DS_CRIADOR,DS_SENHA,ST_GESTOR,DS_EMAIL,CO_COLABORADOR,ST_CRIA_USUARIO,NU_CPF,NU_MATRICULA_SIAPE,CO_SERVIDOR,NU_CONSELHO_REGIONAL,DS_PROFISSAO,DS_SENHA_MD5,DT_BLOQUEIO,DS_MOTIVO_BLOQUEIO,TP_USUARIO,DT_CADASTRO,DT_ALTERACAO,DS_CARGO,CO_CIDADE,CO_PAIS) values ('ISRAEL.SANTOS','israel santos',107,'2321-12-27','2016-01-09','22222222222','N','RUBENS.RAMOS','Y7217166C377F7464',null,'israel.santos@mirante.net.br',null,null,'08128575260',null,null,null,'Tester','06afa6c8b54d3cc80d269379d8b6a078','2016-01-07','Não foi possível testar no IE devido ao erro reportado no item ANVISASCSI-492','E','2016-01-06','2016-02-11','SERVIDOR PÚBLICO FEDERAL',1,1);
Insert into DBSEGURANCA.TB_USUARIO (CO_USERNAME,NO_USUARIO,CO_INTERNO_UORG,DT_EXPIRACAO_SENHA,DT_VALIDADE_SENHA,NU_TELEFONE,ST_BLOQUEADO,DS_CRIADOR,DS_SENHA,ST_GESTOR,DS_EMAIL,CO_COLABORADOR,ST_CRIA_USUARIO,NU_CPF,NU_MATRICULA_SIAPE,CO_SERVIDOR,NU_CONSELHO_REGIONAL,DS_PROFISSAO,DS_SENHA_MD5,DT_BLOQUEIO,DS_MOTIVO_BLOQUEIO,TP_USUARIO,DT_CADASTRO,DT_ALTERACAO,DS_CARGO,CO_CIDADE,CO_PAIS) values ('JULIO.TESTE','Julio Teste',125,'2016-07-18','2066-01-20','64651406543','N','FERNANDO.MEIRELES',null,'N','teste@senha.com',null,'N','02219577155',null,null,null,'dev',null,'2016-01-27','asdfghjklç~çlkjhgfdfghjklç','P','2016-01-20','2016-02-01','TERCEIRIZADO',null,170);
Insert into DBSEGURANCA.TB_USUARIO (CO_USERNAME,NO_USUARIO,CO_INTERNO_UORG,DT_EXPIRACAO_SENHA,DT_VALIDADE_SENHA,NU_TELEFONE,ST_BLOQUEADO,DS_CRIADOR,DS_SENHA,ST_GESTOR,DS_EMAIL,CO_COLABORADOR,ST_CRIA_USUARIO,NU_CPF,NU_MATRICULA_SIAPE,CO_SERVIDOR,NU_CONSELHO_REGIONAL,DS_PROFISSAO,DS_SENHA_MD5,DT_BLOQUEIO,DS_MOTIVO_BLOQUEIO,TP_USUARIO,DT_CADASTRO,DT_ALTERACAO,DS_CARGO,CO_CIDADE,CO_PAIS) values ('JULIO.TESTE1','Julio Teste',112,'2016-07-18','2066-01-20','52132402341','N','FERNANDO.MEIRELES',null,'N','teste@senha.com',null,'N','02219577155',null,null,null,'dev',null,null,null,'P','2016-01-20',null,'TERCEIRIZADO',null,170);
Insert into DBSEGURANCA.TB_USUARIO (CO_USERNAME,NO_USUARIO,CO_INTERNO_UORG,DT_EXPIRACAO_SENHA,DT_VALIDADE_SENHA,NU_TELEFONE,ST_BLOQUEADO,DS_CRIADOR,DS_SENHA,ST_GESTOR,DS_EMAIL,CO_COLABORADOR,ST_CRIA_USUARIO,NU_CPF,NU_MATRICULA_SIAPE,CO_SERVIDOR,NU_CONSELHO_REGIONAL,DS_PROFISSAO,DS_SENHA_MD5,DT_BLOQUEIO,DS_MOTIVO_BLOQUEIO,TP_USUARIO,DT_CADASTRO,DT_ALTERACAO,DS_CARGO,CO_CIDADE,CO_PAIS) values ('JULIO.TTESTE','Julio Teste',112,'2016-07-18','2066-01-20','50453103203','N','FERNANDO.MEIRELES',null,'N','teste@senha.com',null,'N','02219577155',null,null,null,'dev',null,null,null,'P','2016-01-20',null,'TERCEIRIZADO',null,170);
Insert into DBSEGURANCA.TB_USUARIO (CO_USERNAME,NO_USUARIO,CO_INTERNO_UORG,DT_EXPIRACAO_SENHA,DT_VALIDADE_SENHA,NU_TELEFONE,ST_BLOQUEADO,DS_CRIADOR,DS_SENHA,ST_GESTOR,DS_EMAIL,CO_COLABORADOR,ST_CRIA_USUARIO,NU_CPF,NU_MATRICULA_SIAPE,CO_SERVIDOR,NU_CONSELHO_REGIONAL,DS_PROFISSAO,DS_SENHA_MD5,DT_BLOQUEIO,DS_MOTIVO_BLOQUEIO,TP_USUARIO,DT_CADASTRO,DT_ALTERACAO,DS_CARGO,CO_CIDADE,CO_PAIS) values ('LUCAS.ALMEIDA','Lucas Rodrigues Oliveira Almeida Filho',112,null,'2066-01-06','45646546546','S','RUBENS.RAMOS','Y0471746C371F0301',null,'Lucas.Almeida@mirante.net',null,null,'32205539906',null,null,null,'teste','2a705a11149eb033645754c43736859c','2016-01-20','asdfghjklç~çlkjhgfds','E','2016-01-06',null,'CARGO COMISSIONADO',6,1);
Insert into DBSEGURANCA.TB_USUARIO (CO_USERNAME,NO_USUARIO,CO_INTERNO_UORG,DT_EXPIRACAO_SENHA,DT_VALIDADE_SENHA,NU_TELEFONE,ST_BLOQUEADO,DS_CRIADOR,DS_SENHA,ST_GESTOR,DS_EMAIL,CO_COLABORADOR,ST_CRIA_USUARIO,NU_CPF,NU_MATRICULA_SIAPE,CO_SERVIDOR,NU_CONSELHO_REGIONAL,DS_PROFISSAO,DS_SENHA_MD5,DT_BLOQUEIO,DS_MOTIVO_BLOQUEIO,TP_USUARIO,DT_CADASTRO,DT_ALTERACAO,DS_CARGO,CO_CIDADE,CO_PAIS) values ('LUCAS.RFILHO','Lucas Rodrigues Oliveira Almeida Filho',107,null,'2066-01-06','45639856565',null,'RUBENS.RAMOS','Y7217166C377F7464',null,'Lucas.da@mirante.net',null,null,'28755216080',null,null,null,'tetet','06afa6c8b54d3cc80d269379d8b6a078',null,null,'E','2016-01-06',null,'ESTAGIÁRIO',8,1);
Insert into DBSEGURANCA.TB_USUARIO (CO_USERNAME,NO_USUARIO,CO_INTERNO_UORG,DT_EXPIRACAO_SENHA,DT_VALIDADE_SENHA,NU_TELEFONE,ST_BLOQUEADO,DS_CRIADOR,DS_SENHA,ST_GESTOR,DS_EMAIL,CO_COLABORADOR,ST_CRIA_USUARIO,NU_CPF,NU_MATRICULA_SIAPE,CO_SERVIDOR,NU_CONSELHO_REGIONAL,DS_PROFISSAO,DS_SENHA_MD5,DT_BLOQUEIO,DS_MOTIVO_BLOQUEIO,TP_USUARIO,DT_CADASTRO,DT_ALTERACAO,DS_CARGO,CO_CIDADE,CO_PAIS) values ('LUCAS.TEICHMANN','Lucas Magno Schmidt Teichmann',106,null,'2066-01-12','61454654654','N','RUBENS.RAMOS','Y0471746C371F0301','N','lucas.teichmann@mirante.net.br',null,'N','47161687942',null,null,null,'Testador','e06f06203e87974be26c210261644025',null,null,'E','2016-01-12','2016-02-11','TERCEIRIZADO',6,1);
Insert into DBSEGURANCA.TB_USUARIO (CO_USERNAME,NO_USUARIO,CO_INTERNO_UORG,DT_EXPIRACAO_SENHA,DT_VALIDADE_SENHA,NU_TELEFONE,ST_BLOQUEADO,DS_CRIADOR,DS_SENHA,ST_GESTOR,DS_EMAIL,CO_COLABORADOR,ST_CRIA_USUARIO,NU_CPF,NU_MATRICULA_SIAPE,CO_SERVIDOR,NU_CONSELHO_REGIONAL,DS_PROFISSAO,DS_SENHA_MD5,DT_BLOQUEIO,DS_MOTIVO_BLOQUEIO,TP_USUARIO,DT_CADASTRO,DT_ALTERACAO,DS_CARGO,CO_CIDADE,CO_PAIS) values ('MATRIZCAP.TESTE','MATRIZCAO USUARIO TESTE',28,null,'2005-12-31','1133','S','BETAN.GUIMARAES','Y7710131A511D','N','leonardo.santos@anvisa.gov.br',null,'N','COSET_00137',null,null,null,null,'e10adc3949ba59abbe56e057f20f883e','2008-04-02','CPF DUPLICADO - CPF: 53965027115 - SIGA 16866.','P','2001-01-01',null,null,null,1);
Insert into DBSEGURANCA.TB_USUARIO (CO_USERNAME,NO_USUARIO,CO_INTERNO_UORG,DT_EXPIRACAO_SENHA,DT_VALIDADE_SENHA,NU_TELEFONE,ST_BLOQUEADO,DS_CRIADOR,DS_SENHA,ST_GESTOR,DS_EMAIL,CO_COLABORADOR,ST_CRIA_USUARIO,NU_CPF,NU_MATRICULA_SIAPE,CO_SERVIDOR,NU_CONSELHO_REGIONAL,DS_PROFISSAO,DS_SENHA_MD5,DT_BLOQUEIO,DS_MOTIVO_BLOQUEIO,TP_USUARIO,DT_CADASTRO,DT_ALTERACAO,DS_CARGO,CO_CIDADE,CO_PAIS) values ('OIM.TESTE','Oim 1 Teste da Silva Rodrigues Ribeiro Araujo Gomes',98,null,null,'419666666666','S','XELSYSADM','Y7710131A511D',null,'OIM.TESTE@anvisa.gov.br',null,null,'66805117550',null,null,null,null,'823c2e63e1882c52bb80b399223896c3',null,null,null,'2013-01-15',null,'CARGO COMISSIONADO',null,null);
Insert into DBSEGURANCA.TB_USUARIO (CO_USERNAME,NO_USUARIO,CO_INTERNO_UORG,DT_EXPIRACAO_SENHA,DT_VALIDADE_SENHA,NU_TELEFONE,ST_BLOQUEADO,DS_CRIADOR,DS_SENHA,ST_GESTOR,DS_EMAIL,CO_COLABORADOR,ST_CRIA_USUARIO,NU_CPF,NU_MATRICULA_SIAPE,CO_SERVIDOR,NU_CONSELHO_REGIONAL,DS_PROFISSAO,DS_SENHA_MD5,DT_BLOQUEIO,DS_MOTIVO_BLOQUEIO,TP_USUARIO,DT_CADASTRO,DT_ALTERACAO,DS_CARGO,CO_CIDADE,CO_PAIS) values ('PRODUCAO.,TESTE','Producao Teste',1361,null,null,'38771347','N','XELSYSADM','Y7710131A511D','N','producao.teste@anvisa.gov.br',null,'N','48320242134',null,null,null,null,'7e05cbeb440e9cb97d578394bc939b39',null,null,'P','2015-05-23',null,'TERCEIRIZADO',null,1);
Insert into DBSEGURANCA.TB_USUARIO (CO_USERNAME,NO_USUARIO,CO_INTERNO_UORG,DT_EXPIRACAO_SENHA,DT_VALIDADE_SENHA,NU_TELEFONE,ST_BLOQUEADO,DS_CRIADOR,DS_SENHA,ST_GESTOR,DS_EMAIL,CO_COLABORADOR,ST_CRIA_USUARIO,NU_CPF,NU_MATRICULA_SIAPE,CO_SERVIDOR,NU_CONSELHO_REGIONAL,DS_PROFISSAO,DS_SENHA_MD5,DT_BLOQUEIO,DS_MOTIVO_BLOQUEIO,TP_USUARIO,DT_CADASTRO,DT_ALTERACAO,DS_CARGO,CO_CIDADE,CO_PAIS) values ('RUBENS.FERREIRA','Rubens Ferreira Ramos',112,null,'2066-01-06','45646546546',null,'RUBENS.RAMOS','Y78121F1F56196462',null,'rubens.ramos@mirante.net.br',null,null,'78122184570',null,null,null,'tester','98e27cd1651feda465cc02803d2408be',null,null,'S','2016-01-06','2016-01-07','CARGO COMISSIONADO',8,1);
Insert into DBSEGURANCA.TB_USUARIO (CO_USERNAME,NO_USUARIO,CO_INTERNO_UORG,DT_EXPIRACAO_SENHA,DT_VALIDADE_SENHA,NU_TELEFONE,ST_BLOQUEADO,DS_CRIADOR,DS_SENHA,ST_GESTOR,DS_EMAIL,CO_COLABORADOR,ST_CRIA_USUARIO,NU_CPF,NU_MATRICULA_SIAPE,CO_SERVIDOR,NU_CONSELHO_REGIONAL,DS_PROFISSAO,DS_SENHA_MD5,DT_BLOQUEIO,DS_MOTIVO_BLOQUEIO,TP_USUARIO,DT_CADASTRO,DT_ALTERACAO,DS_CARGO,CO_CIDADE,CO_PAIS) values ('RUBENS.RAMOS','Rubens Ferreira Ramos',126,null,'2066-01-06','32132165468','N','FERNANDO.MEIRELES','Y78121F1F56196462',null,'rubens.ramos@mirante.net.br',null,null,'57034728062',null,null,null,'estagiario','98e27cd1651feda465cc02803d2408be',null,null,'E','2016-01-06','2016-02-02','SERVIDOR PÚBLICO FEDERAL',5038,1);
Insert into DBSEGURANCA.TB_USUARIO (CO_USERNAME,NO_USUARIO,CO_INTERNO_UORG,DT_EXPIRACAO_SENHA,DT_VALIDADE_SENHA,NU_TELEFONE,ST_BLOQUEADO,DS_CRIADOR,DS_SENHA,ST_GESTOR,DS_EMAIL,CO_COLABORADOR,ST_CRIA_USUARIO,NU_CPF,NU_MATRICULA_SIAPE,CO_SERVIDOR,NU_CONSELHO_REGIONAL,DS_PROFISSAO,DS_SENHA_MD5,DT_BLOQUEIO,DS_MOTIVO_BLOQUEIO,TP_USUARIO,DT_CADASTRO,DT_ALTERACAO,DS_CARGO,CO_CIDADE,CO_PAIS) values ('TESTE','teste',null,null,null,null,null,'teste',null,null,null,null,null,'01142237184',null,null,null,null,null,null,null,null,null,null,null,null,null);
Insert into DBSEGURANCA.TB_USUARIO (CO_USERNAME,NO_USUARIO,CO_INTERNO_UORG,DT_EXPIRACAO_SENHA,DT_VALIDADE_SENHA,NU_TELEFONE,ST_BLOQUEADO,DS_CRIADOR,DS_SENHA,ST_GESTOR,DS_EMAIL,CO_COLABORADOR,ST_CRIA_USUARIO,NU_CPF,NU_MATRICULA_SIAPE,CO_SERVIDOR,NU_CONSELHO_REGIONAL,DS_PROFISSAO,DS_SENHA_MD5,DT_BLOQUEIO,DS_MOTIVO_BLOQUEIO,TP_USUARIO,DT_CADASTRO,DT_ALTERACAO,DS_CARGO,CO_CIDADE,CO_PAIS) values ('TESTE.ANALISTA1','ANALISTA1',17,'2030-12-31','2030-12-31','4481235','N','LUCIANO.TEIXEIRA','Y7710131A511D','N','analista1@anvisa.gov.br',null,'N','99999999999',null,null,null,null,'25d55ad283aa400af464c76d713c07ad','2015-07-07','habilitar usuário para teste de sistemas','S','2001-01-01','2012-08-01',null,743,1);
Insert into DBSEGURANCA.TB_USUARIO (CO_USERNAME,NO_USUARIO,CO_INTERNO_UORG,DT_EXPIRACAO_SENHA,DT_VALIDADE_SENHA,NU_TELEFONE,ST_BLOQUEADO,DS_CRIADOR,DS_SENHA,ST_GESTOR,DS_EMAIL,CO_COLABORADOR,ST_CRIA_USUARIO,NU_CPF,NU_MATRICULA_SIAPE,CO_SERVIDOR,NU_CONSELHO_REGIONAL,DS_PROFISSAO,DS_SENHA_MD5,DT_BLOQUEIO,DS_MOTIVO_BLOQUEIO,TP_USUARIO,DT_CADASTRO,DT_ALTERACAO,DS_CARGO,CO_CIDADE,CO_PAIS) values ('TESTE.ANALISTA2','ANALISTA2',17,'2020-01-10','2020-01-05','4481235','N','LUCIANO.TEIXEIRA','Y7710131A511D','N','analista2@anvisa.gov.br',null,'N','99999999999',null,null,null,null,'25d55ad283aa400af464c76d713c07ad',null,null,'S','2001-01-01','2015-01-30',null,743,1);
Insert into DBSEGURANCA.TB_USUARIO (CO_USERNAME,NO_USUARIO,CO_INTERNO_UORG,DT_EXPIRACAO_SENHA,DT_VALIDADE_SENHA,NU_TELEFONE,ST_BLOQUEADO,DS_CRIADOR,DS_SENHA,ST_GESTOR,DS_EMAIL,CO_COLABORADOR,ST_CRIA_USUARIO,NU_CPF,NU_MATRICULA_SIAPE,CO_SERVIDOR,NU_CONSELHO_REGIONAL,DS_PROFISSAO,DS_SENHA_MD5,DT_BLOQUEIO,DS_MOTIVO_BLOQUEIO,TP_USUARIO,DT_CADASTRO,DT_ALTERACAO,DS_CARGO,CO_CIDADE,CO_PAIS) values ('TESTE.ANVISA','SISTEMAS DE INFORMACAO DA ANVISA',1361,'2013-10-14','2013-12-31','(61)3462','S','HONORIO.MARQUES','Y7710131A511D','N','teste.anvisa@anvisa.gov.br',null,'N','11111111111',null,null,null,null,'e10adc3949ba59abbe56e057f20f883e','2012-03-07','usuairo de sistema em desuso','S','2010-07-27','2013-07-16','USUARIO DE SISTEMA',743,0);
Insert into DBSEGURANCA.TB_USUARIO (CO_USERNAME,NO_USUARIO,CO_INTERNO_UORG,DT_EXPIRACAO_SENHA,DT_VALIDADE_SENHA,NU_TELEFONE,ST_BLOQUEADO,DS_CRIADOR,DS_SENHA,ST_GESTOR,DS_EMAIL,CO_COLABORADOR,ST_CRIA_USUARIO,NU_CPF,NU_MATRICULA_SIAPE,CO_SERVIDOR,NU_CONSELHO_REGIONAL,DS_PROFISSAO,DS_SENHA_MD5,DT_BLOQUEIO,DS_MOTIVO_BLOQUEIO,TP_USUARIO,DT_CADASTRO,DT_ALTERACAO,DS_CARGO,CO_CIDADE,CO_PAIS) values ('TESTE.DEV','Teste Dev',112,'2016-07-10','2066-01-12','6196133660','N','FERNANDO.MEIRELES','Y7510111A511D727A','N','teste@senha.com',null,'N','02219577155',null,null,null,'dev','084702d5cee01a7a90a6e54883d0153e',null,null,'E','2016-01-12',null,'TERCEIRIZADO',1,1);
Insert into DBSEGURANCA.TB_USUARIO (CO_USERNAME,NO_USUARIO,CO_INTERNO_UORG,DT_EXPIRACAO_SENHA,DT_VALIDADE_SENHA,NU_TELEFONE,ST_BLOQUEADO,DS_CRIADOR,DS_SENHA,ST_GESTOR,DS_EMAIL,CO_COLABORADOR,ST_CRIA_USUARIO,NU_CPF,NU_MATRICULA_SIAPE,CO_SERVIDOR,NU_CONSELHO_REGIONAL,DS_PROFISSAO,DS_SENHA_MD5,DT_BLOQUEIO,DS_MOTIVO_BLOQUEIO,TP_USUARIO,DT_CADASTRO,DT_ALTERACAO,DS_CARGO,CO_CIDADE,CO_PAIS) values ('TESTE.EXCLUSÃO','Teste Exclusão',110,'2016-07-24','2066-01-26','35525235235','N','LUCAS.TEICHMANN',null,'N','abraao.carvalho@anvisa.gov.br',null,'N','18129945401',null,null,null,'Gerente',null,null,null,'P','2016-01-26',null,'TERCEIRIZADO',3,1);
Insert into DBSEGURANCA.TB_USUARIO (CO_USERNAME,NO_USUARIO,CO_INTERNO_UORG,DT_EXPIRACAO_SENHA,DT_VALIDADE_SENHA,NU_TELEFONE,ST_BLOQUEADO,DS_CRIADOR,DS_SENHA,ST_GESTOR,DS_EMAIL,CO_COLABORADOR,ST_CRIA_USUARIO,NU_CPF,NU_MATRICULA_SIAPE,CO_SERVIDOR,NU_CONSELHO_REGIONAL,DS_PROFISSAO,DS_SENHA_MD5,DT_BLOQUEIO,DS_MOTIVO_BLOQUEIO,TP_USUARIO,DT_CADASTRO,DT_ALTERACAO,DS_CARGO,CO_CIDADE,CO_PAIS) values ('TESTE.GERENCIA','GERENCIAS',1424,'2030-12-31','2030-12-31','4481415','N','LUCIANO.TEIXEIRA','Y7710131A511D','N','gerencia@anvisa.gov.br',null,'N','99999999999',null,null,null,null,'e10adc3949ba59abbe56e057f20f883e',null,null,'S','2001-01-01','2012-08-01','USUARIO DE SISTEMA',743,1);
Insert into DBSEGURANCA.TB_USUARIO (CO_USERNAME,NO_USUARIO,CO_INTERNO_UORG,DT_EXPIRACAO_SENHA,DT_VALIDADE_SENHA,NU_TELEFONE,ST_BLOQUEADO,DS_CRIADOR,DS_SENHA,ST_GESTOR,DS_EMAIL,CO_COLABORADOR,ST_CRIA_USUARIO,NU_CPF,NU_MATRICULA_SIAPE,CO_SERVIDOR,NU_CONSELHO_REGIONAL,DS_PROFISSAO,DS_SENHA_MD5,DT_BLOQUEIO,DS_MOTIVO_BLOQUEIO,TP_USUARIO,DT_CADASTRO,DT_ALTERACAO,DS_CARGO,CO_CIDADE,CO_PAIS) values ('TESTE.GGTES','TESTE',34,'2002-11-30','2003-11-25','4481100','S','LUCIANO.TEIXEIRA','Y7710131A511D','N','teste',null,'N','11111111111',null,null,null,null,'e10adc3949ba59abbe56e057f20f883e','2012-03-07','Usuario de sistema em desuso','S','2001-01-01','2012-08-01','USUARIO DE SISTEMA',743,1);
Insert into DBSEGURANCA.TB_USUARIO (CO_USERNAME,NO_USUARIO,CO_INTERNO_UORG,DT_EXPIRACAO_SENHA,DT_VALIDADE_SENHA,NU_TELEFONE,ST_BLOQUEADO,DS_CRIADOR,DS_SENHA,ST_GESTOR,DS_EMAIL,CO_COLABORADOR,ST_CRIA_USUARIO,NU_CPF,NU_MATRICULA_SIAPE,CO_SERVIDOR,NU_CONSELHO_REGIONAL,DS_PROFISSAO,DS_SENHA_MD5,DT_BLOQUEIO,DS_MOTIVO_BLOQUEIO,TP_USUARIO,DT_CADASTRO,DT_ALTERACAO,DS_CARGO,CO_CIDADE,CO_PAIS) values ('TESTE.GPROF','GPROF',100,'2002-11-16','2003-11-11','4481100','S','LUCIANO.TEIXEIRA','Y7710131A511D','N','gprof',null,'N','11111111111',null,null,null,null,'e10adc3949ba59abbe56e057f20f883e','2012-03-07','usuario de sistema em desuso','S','2001-01-01',null,null,null,1);
Insert into DBSEGURANCA.TB_USUARIO (CO_USERNAME,NO_USUARIO,CO_INTERNO_UORG,DT_EXPIRACAO_SENHA,DT_VALIDADE_SENHA,NU_TELEFONE,ST_BLOQUEADO,DS_CRIADOR,DS_SENHA,ST_GESTOR,DS_EMAIL,CO_COLABORADOR,ST_CRIA_USUARIO,NU_CPF,NU_MATRICULA_SIAPE,CO_SERVIDOR,NU_CONSELHO_REGIONAL,DS_PROFISSAO,DS_SENHA_MD5,DT_BLOQUEIO,DS_MOTIVO_BLOQUEIO,TP_USUARIO,DT_CADASTRO,DT_ALTERACAO,DS_CARGO,CO_CIDADE,CO_PAIS) values ('TESTE.HEMOVIGI','TESTE',28,'2002-10-26','2003-10-21','448-1133','S','ALEXANDRE.GORETTI','Y7710131A511D','N','teste@teste.com',null,'N','11111111111',null,null,null,null,'e10adc3949ba59abbe56e057f20f883e','2012-03-07','usuario de sistema em desuso','S','2001-01-01',null,null,null,1);
Insert into DBSEGURANCA.TB_USUARIO (CO_USERNAME,NO_USUARIO,CO_INTERNO_UORG,DT_EXPIRACAO_SENHA,DT_VALIDADE_SENHA,NU_TELEFONE,ST_BLOQUEADO,DS_CRIADOR,DS_SENHA,ST_GESTOR,DS_EMAIL,CO_COLABORADOR,ST_CRIA_USUARIO,NU_CPF,NU_MATRICULA_SIAPE,CO_SERVIDOR,NU_CONSELHO_REGIONAL,DS_PROFISSAO,DS_SENHA_MD5,DT_BLOQUEIO,DS_MOTIVO_BLOQUEIO,TP_USUARIO,DT_CADASTRO,DT_ALTERACAO,DS_CARGO,CO_CIDADE,CO_PAIS) values ('TESTE.JUNIOR','TESTE Junior',109,null,'2066-01-07','61556565665',null,'RUBENS.RAMOS','Y721716662B757478',null,'TEST.junior@hotmail.com',null,null,'11984534351',null,null,null,'rrrr','a3c712baf2b61e24106e3a1d425dbb94',null,null,'E','2016-01-07',null,'TERCEIRIZADO',null,9);
Insert into DBSEGURANCA.TB_USUARIO (CO_USERNAME,NO_USUARIO,CO_INTERNO_UORG,DT_EXPIRACAO_SENHA,DT_VALIDADE_SENHA,NU_TELEFONE,ST_BLOQUEADO,DS_CRIADOR,DS_SENHA,ST_GESTOR,DS_EMAIL,CO_COLABORADOR,ST_CRIA_USUARIO,NU_CPF,NU_MATRICULA_SIAPE,CO_SERVIDOR,NU_CONSELHO_REGIONAL,DS_PROFISSAO,DS_SENHA_MD5,DT_BLOQUEIO,DS_MOTIVO_BLOQUEIO,TP_USUARIO,DT_CADASTRO,DT_ALTERACAO,DS_CARGO,CO_CIDADE,CO_PAIS) values ('TESTE.LCUAS','Teste Lcuas',112,'2016-07-18','2066-01-20','26325352523','N','LUCAS.TEICHMANN',null,'N','teste@testlink.com.br',null,'N','35584989410',null,null,null,'121211',null,null,null,'P','2016-01-20',null,'SERVIDOR PÚBLICO FEDERAL',6,1);
Insert into DBSEGURANCA.TB_USUARIO (CO_USERNAME,NO_USUARIO,CO_INTERNO_UORG,DT_EXPIRACAO_SENHA,DT_VALIDADE_SENHA,NU_TELEFONE,ST_BLOQUEADO,DS_CRIADOR,DS_SENHA,ST_GESTOR,DS_EMAIL,CO_COLABORADOR,ST_CRIA_USUARIO,NU_CPF,NU_MATRICULA_SIAPE,CO_SERVIDOR,NU_CONSELHO_REGIONAL,DS_PROFISSAO,DS_SENHA_MD5,DT_BLOQUEIO,DS_MOTIVO_BLOQUEIO,TP_USUARIO,DT_CADASTRO,DT_ALTERACAO,DS_CARGO,CO_CIDADE,CO_PAIS) values ('TESTE.LINK','Teste Link',125,'2016-07-17','2066-01-19','24673454356','N','LUCAS.TEICHMANN',null,'N','testenhhuaa@112',null,'N','14384508506',null,null,null,'3424234234234',null,null,null,'P','2016-01-19',null,'SERVIDOR PÚBLICO FEDERAL',6,1);
Insert into DBSEGURANCA.TB_USUARIO (CO_USERNAME,NO_USUARIO,CO_INTERNO_UORG,DT_EXPIRACAO_SENHA,DT_VALIDADE_SENHA,NU_TELEFONE,ST_BLOQUEADO,DS_CRIADOR,DS_SENHA,ST_GESTOR,DS_EMAIL,CO_COLABORADOR,ST_CRIA_USUARIO,NU_CPF,NU_MATRICULA_SIAPE,CO_SERVIDOR,NU_CONSELHO_REGIONAL,DS_PROFISSAO,DS_SENHA_MD5,DT_BLOQUEIO,DS_MOTIVO_BLOQUEIO,TP_USUARIO,DT_CADASTRO,DT_ALTERACAO,DS_CARGO,CO_CIDADE,CO_PAIS) values ('TESTE.LLINK','Teste Link',112,'2016-07-18','2066-01-20','51412321312','N','LUCAS.TEICHMANN',null,'N','teste@testlink.com.br',null,'N','52347683250',null,null,null,'121111111',null,null,null,'P','2016-01-20',null,'TERCEIRIZADO',null,82);
Insert into DBSEGURANCA.TB_USUARIO (CO_USERNAME,NO_USUARIO,CO_INTERNO_UORG,DT_EXPIRACAO_SENHA,DT_VALIDADE_SENHA,NU_TELEFONE,ST_BLOQUEADO,DS_CRIADOR,DS_SENHA,ST_GESTOR,DS_EMAIL,CO_COLABORADOR,ST_CRIA_USUARIO,NU_CPF,NU_MATRICULA_SIAPE,CO_SERVIDOR,NU_CONSELHO_REGIONAL,DS_PROFISSAO,DS_SENHA_MD5,DT_BLOQUEIO,DS_MOTIVO_BLOQUEIO,TP_USUARIO,DT_CADASTRO,DT_ALTERACAO,DS_CARGO,CO_CIDADE,CO_PAIS) values ('TESTE.MONITOR','TESTE MONITORAMENTO',1362,'2030-11-26','2030-08-28','61 3462 5740','N','HONORIO.MARQUES','Y7710131A511D','N','teste.monitor@anvisa.gov.br',null,'N','11111111111',238353,null,null,'PROGRAMADOR','e10adc3949ba59abbe56e057f20f883e','2014-04-28','Login nagios','P','2011-01-19','2014-12-17','SERVIDOR PUBLICO FEDERAL',743,1);
Insert into DBSEGURANCA.TB_USUARIO (CO_USERNAME,NO_USUARIO,CO_INTERNO_UORG,DT_EXPIRACAO_SENHA,DT_VALIDADE_SENHA,NU_TELEFONE,ST_BLOQUEADO,DS_CRIADOR,DS_SENHA,ST_GESTOR,DS_EMAIL,CO_COLABORADOR,ST_CRIA_USUARIO,NU_CPF,NU_MATRICULA_SIAPE,CO_SERVIDOR,NU_CONSELHO_REGIONAL,DS_PROFISSAO,DS_SENHA_MD5,DT_BLOQUEIO,DS_MOTIVO_BLOQUEIO,TP_USUARIO,DT_CADASTRO,DT_ALTERACAO,DS_CARGO,CO_CIDADE,CO_PAIS) values ('TESTE.OUVIDOR','OUVIDOR',17,'2002-01-10','2003-01-05','4481235','S','LUCIANO.TEIXEIRA','Y7710131A511D','N','ouvidor@anvisa.gov.br',null,'N','99999999999',null,null,null,null,'e10adc3949ba59abbe56e057f20f883e','2012-03-07','usuario de sistema em desuso','S','2001-01-01',null,null,null,1);
Insert into DBSEGURANCA.TB_USUARIO (CO_USERNAME,NO_USUARIO,CO_INTERNO_UORG,DT_EXPIRACAO_SENHA,DT_VALIDADE_SENHA,NU_TELEFONE,ST_BLOQUEADO,DS_CRIADOR,DS_SENHA,ST_GESTOR,DS_EMAIL,CO_COLABORADOR,ST_CRIA_USUARIO,NU_CPF,NU_MATRICULA_SIAPE,CO_SERVIDOR,NU_CONSELHO_REGIONAL,DS_PROFISSAO,DS_SENHA_MD5,DT_BLOQUEIO,DS_MOTIVO_BLOQUEIO,TP_USUARIO,DT_CADASTRO,DT_ALTERACAO,DS_CARGO,CO_CIDADE,CO_PAIS) values ('TESTE.OUVIDORIA','OUVIDORIA',1443,'2030-12-31','2030-12-31','4481415','N','LUCIANO.TEIXEIRA','Y7710131A511D','N','teste.ouvidoria@anvisa.gov.br',null,'N','88888888888',null,null,null,null,'e10adc3949ba59abbe56e057f20f883e',null,null,'S','2001-01-01','2014-02-07','USUARIO DE SISTEMA',743,1);
Insert into DBSEGURANCA.TB_USUARIO (CO_USERNAME,NO_USUARIO,CO_INTERNO_UORG,DT_EXPIRACAO_SENHA,DT_VALIDADE_SENHA,NU_TELEFONE,ST_BLOQUEADO,DS_CRIADOR,DS_SENHA,ST_GESTOR,DS_EMAIL,CO_COLABORADOR,ST_CRIA_USUARIO,NU_CPF,NU_MATRICULA_SIAPE,CO_SERVIDOR,NU_CONSELHO_REGIONAL,DS_PROFISSAO,DS_SENHA_MD5,DT_BLOQUEIO,DS_MOTIVO_BLOQUEIO,TP_USUARIO,DT_CADASTRO,DT_ALTERACAO,DS_CARGO,CO_CIDADE,CO_PAIS) values ('TESTE.PLANOR','TESTE.PLANOR',101,null,'0031-12-20','00','N','PLANOR','Y7710131A511D','N','teste.planor',null,'N','11111111111',null,null,null,null,'25d55ad283aa400af464c76d713c07ad','2018-12-31','sdfasdfasdfas',null,null,null,null,null,null);
Insert into DBSEGURANCA.TB_USUARIO (CO_USERNAME,NO_USUARIO,CO_INTERNO_UORG,DT_EXPIRACAO_SENHA,DT_VALIDADE_SENHA,NU_TELEFONE,ST_BLOQUEADO,DS_CRIADOR,DS_SENHA,ST_GESTOR,DS_EMAIL,CO_COLABORADOR,ST_CRIA_USUARIO,NU_CPF,NU_MATRICULA_SIAPE,CO_SERVIDOR,NU_CONSELHO_REGIONAL,DS_PROFISSAO,DS_SENHA_MD5,DT_BLOQUEIO,DS_MOTIVO_BLOQUEIO,TP_USUARIO,DT_CADASTRO,DT_ALTERACAO,DS_CARGO,CO_CIDADE,CO_PAIS) values ('TESTE.PRODUCAO','Teste Producao',1361,null,null,'61 38771347','N','NELCI.SANTOS','Y7710131A511D','N','teste.producao@anvisa.gov.br',null,'N','48320242134',null,null,null,null,'5faca1c0a2ab8375c07d3797d9a331cf',null,null,'P','2015-04-14',null,'TERCEIRIZADO',null,1);
Insert into DBSEGURANCA.TB_USUARIO (CO_USERNAME,NO_USUARIO,CO_INTERNO_UORG,DT_EXPIRACAO_SENHA,DT_VALIDADE_SENHA,NU_TELEFONE,ST_BLOQUEADO,DS_CRIADOR,DS_SENHA,ST_GESTOR,DS_EMAIL,CO_COLABORADOR,ST_CRIA_USUARIO,NU_CPF,NU_MATRICULA_SIAPE,CO_SERVIDOR,NU_CONSELHO_REGIONAL,DS_PROFISSAO,DS_SENHA_MD5,DT_BLOQUEIO,DS_MOTIVO_BLOQUEIO,TP_USUARIO,DT_CADASTRO,DT_ALTERACAO,DS_CARGO,CO_CIDADE,CO_PAIS) values ('TESTE.SENHA','Teste Senha',106,null,'2065-12-30','6196485786',null,'FERNANDO.MEIRELES','Y7710136A216C',null,'teste@senha.com',null,null,'02219577155',null,null,null,'Dev','c276cb6b5ccf17b6717f12203dfb890d',null,null,'E','1969-12-31','2015-12-28','TERCEIRIZADO',null,170);
Insert into DBSEGURANCA.TB_USUARIO (CO_USERNAME,NO_USUARIO,CO_INTERNO_UORG,DT_EXPIRACAO_SENHA,DT_VALIDADE_SENHA,NU_TELEFONE,ST_BLOQUEADO,DS_CRIADOR,DS_SENHA,ST_GESTOR,DS_EMAIL,CO_COLABORADOR,ST_CRIA_USUARIO,NU_CPF,NU_MATRICULA_SIAPE,CO_SERVIDOR,NU_CONSELHO_REGIONAL,DS_PROFISSAO,DS_SENHA_MD5,DT_BLOQUEIO,DS_MOTIVO_BLOQUEIO,TP_USUARIO,DT_CADASTRO,DT_ALTERACAO,DS_CARGO,CO_CIDADE,CO_PAIS) values ('TESTE.SISTEC','SISTEC',4,'2002-08-18','2003-08-13','4481485','S','CARLOS.FORNAZIER','Y7710131A511D','N','tecnovigilancia@anvisa.gov.br',null,'N','00000000000',null,null,null,null,'e10adc3949ba59abbe56e057f20f883e','2012-03-07','Usuario de sistema em desuso','S','2001-01-01',null,null,null,1);
Insert into DBSEGURANCA.TB_USUARIO (CO_USERNAME,NO_USUARIO,CO_INTERNO_UORG,DT_EXPIRACAO_SENHA,DT_VALIDADE_SENHA,NU_TELEFONE,ST_BLOQUEADO,DS_CRIADOR,DS_SENHA,ST_GESTOR,DS_EMAIL,CO_COLABORADOR,ST_CRIA_USUARIO,NU_CPF,NU_MATRICULA_SIAPE,CO_SERVIDOR,NU_CONSELHO_REGIONAL,DS_PROFISSAO,DS_SENHA_MD5,DT_BLOQUEIO,DS_MOTIVO_BLOQUEIO,TP_USUARIO,DT_CADASTRO,DT_ALTERACAO,DS_CARGO,CO_CIDADE,CO_PAIS) values ('TESTE.SISTEMA','SADFJASDLFKJ',59,'2010-05-06','2010-12-31','q23erqwertuq','S','SAO_WEB','Y7710131A511D','N','teste.sistema@anvisa.gov.br',null,'N','12341234123',null,null,null,null,'e10adc3949ba59abbe56e057f20f883e','2012-03-07','Usuario de sistema em desuso','S','2001-01-01','2010-02-24',null,743,1);
Insert into DBSEGURANCA.TB_USUARIO (CO_USERNAME,NO_USUARIO,CO_INTERNO_UORG,DT_EXPIRACAO_SENHA,DT_VALIDADE_SENHA,NU_TELEFONE,ST_BLOQUEADO,DS_CRIADOR,DS_SENHA,ST_GESTOR,DS_EMAIL,CO_COLABORADOR,ST_CRIA_USUARIO,NU_CPF,NU_MATRICULA_SIAPE,CO_SERVIDOR,NU_CONSELHO_REGIONAL,DS_PROFISSAO,DS_SENHA_MD5,DT_BLOQUEIO,DS_MOTIVO_BLOQUEIO,TP_USUARIO,DT_CADASTRO,DT_ALTERACAO,DS_CARGO,CO_CIDADE,CO_PAIS) values ('TESTE.TESTE','TESTE',59,null,'2050-12-31','4444','N','RENATO.ALIMA','Y7710131A511D','N','teste@anvisa.gov.br',null,'N','11111111111',null,null,null,null,'25d55ad283aa400af464c76d713c07ad','2015-02-02',null,'S','2001-01-01','2015-12-01',null,743,1);
Insert into DBSEGURANCA.TB_USUARIO (CO_USERNAME,NO_USUARIO,CO_INTERNO_UORG,DT_EXPIRACAO_SENHA,DT_VALIDADE_SENHA,NU_TELEFONE,ST_BLOQUEADO,DS_CRIADOR,DS_SENHA,ST_GESTOR,DS_EMAIL,CO_COLABORADOR,ST_CRIA_USUARIO,NU_CPF,NU_MATRICULA_SIAPE,CO_SERVIDOR,NU_CONSELHO_REGIONAL,DS_PROFISSAO,DS_SENHA_MD5,DT_BLOQUEIO,DS_MOTIVO_BLOQUEIO,TP_USUARIO,DT_CADASTRO,DT_ALTERACAO,DS_CARGO,CO_CIDADE,CO_PAIS) values ('TESTE.TREINAMENTO','Teste Anvisa Treinamento',1475,null,null,'61 3462 5740','S','NELCI.SANTOS','Y7710131A511D','N',null,null,'N','47787573600',null,null,null,null,'55041adcab183eef7b1b6520670a92ca',null,null,'P','2013-03-13',null,'TERCEIRIZADO',null,1);
Insert into DBSEGURANCA.TB_USUARIO (CO_USERNAME,NO_USUARIO,CO_INTERNO_UORG,DT_EXPIRACAO_SENHA,DT_VALIDADE_SENHA,NU_TELEFONE,ST_BLOQUEADO,DS_CRIADOR,DS_SENHA,ST_GESTOR,DS_EMAIL,CO_COLABORADOR,ST_CRIA_USUARIO,NU_CPF,NU_MATRICULA_SIAPE,CO_SERVIDOR,NU_CONSELHO_REGIONAL,DS_PROFISSAO,DS_SENHA_MD5,DT_BLOQUEIO,DS_MOTIVO_BLOQUEIO,TP_USUARIO,DT_CADASTRO,DT_ALTERACAO,DS_CARGO,CO_CIDADE,CO_PAIS) values ('TESTE.WEB','TESTE.WEB',28,'2010-10-10','2010-10-10','448-1218','S','SEGURANCA_WEB','Y7710131A511D','N','teste.web@anvisa.gov.br',null,'N','11111111111',null,null,null,null,'e10adc3949ba59abbe56e057f20f883e','2012-03-05','Eliminação de usuarios de sistema','S','2001-01-01',null,null,null,1);
Insert into DBSEGURANCA.TB_USUARIO (CO_USERNAME,NO_USUARIO,CO_INTERNO_UORG,DT_EXPIRACAO_SENHA,DT_VALIDADE_SENHA,NU_TELEFONE,ST_BLOQUEADO,DS_CRIADOR,DS_SENHA,ST_GESTOR,DS_EMAIL,CO_COLABORADOR,ST_CRIA_USUARIO,NU_CPF,NU_MATRICULA_SIAPE,CO_SERVIDOR,NU_CONSELHO_REGIONAL,DS_PROFISSAO,DS_SENHA_MD5,DT_BLOQUEIO,DS_MOTIVO_BLOQUEIO,TP_USUARIO,DT_CADASTRO,DT_ALTERACAO,DS_CARGO,CO_CIDADE,CO_PAIS) values ('TESTE2.ANALISTA2','TESTE2ANALISTA2',17,'2030-12-31','2030-12-31','34481000','N','SAMANTA.CARDOSO','Y7710131A511D','N','teste2.analista2@anvisa.gov.br',null,'N','01234567899',null,null,null,'Y007177662E','25d55ad283aa400af464c76d713c07ad',null,null,'P','2007-08-03','2012-08-01','USUARIO DE SISTEMA',743,1);
Insert into DBSEGURANCA.TB_USUARIO (CO_USERNAME,NO_USUARIO,CO_INTERNO_UORG,DT_EXPIRACAO_SENHA,DT_VALIDADE_SENHA,NU_TELEFONE,ST_BLOQUEADO,DS_CRIADOR,DS_SENHA,ST_GESTOR,DS_EMAIL,CO_COLABORADOR,ST_CRIA_USUARIO,NU_CPF,NU_MATRICULA_SIAPE,CO_SERVIDOR,NU_CONSELHO_REGIONAL,DS_PROFISSAO,DS_SENHA_MD5,DT_BLOQUEIO,DS_MOTIVO_BLOQUEIO,TP_USUARIO,DT_CADASTRO,DT_ALTERACAO,DS_CARGO,CO_CIDADE,CO_PAIS) values ('UTESTE.SISPAFRA','TESTE SISPAFRA',132,'2011-06-16','2011-12-31','3462 0000','S','BRUNO.BEHMOIRAS','Y7710131A511D','N','uteste.sispafra@anvisa.gov.br',null,'N','86328681950',null,null,null,'Y007177662E','e10adc3949ba59abbe56e057f20f883e','2012-03-07','Usuario de sistema em desuso','P','2011-03-18','2011-03-25',null,743,0);
